pic_id,latitude,longitude,county,region,country
29076662308,55.943167,-3.245837,City of Edinburgh,Scotland,United Kingdom
41971893385,41.351129,-8.527311,Vila Nova De Famalicao,Braga,Portugal
41885997394,42.408680,-88.339723,Mchenry,Illinois,United States
42825831351,39.199718,-77.248982,Montgomery,Maryland,United States
28623281458,1.440951,103.735227,Montgomery,South West,Singapore
39652696055,51.073897,-115.339236,Alberta,Alberta,Canada
40833949260,-49.298514,-72.932782,Lago Argentino,Santa Cruz Province,Argentina
42063692951,57.224859,-3.755650,Highland,Scotland,United Kingdom
42930550411,43.030564,-75.669196,Madison,New York,United States
42362030602,49.986552,8.275794,Mayence,Rhineland-Palatinate,Germany
42402922401,50.864727,4.347594,Brussel Hoofdstad,Capital Region of Brussels,Belgium
29035331788,32.857999,-116.920001,San Diego,California,United States
38882619474,43.857677,-121.456775,Deschutes,Oregon,United States
42917481941,54.560541,-2.947082,Cumbria,England,United Kingdom
41880873755,55.139639,-4.507141,Cumbria,Scotland,United Kingdom
42383727502,50.822793,-0.138337,East Sussex,England,United Kingdom
27473708189,49.008206,8.399670,Stadtkreis Karlsruhe,Baden-Wurttemberg,Germany
38767579335,43.318207,11.332150,Siena,Tuscany,Italy
41888769925,52.463094,13.263244,Berlin,Berlin,Germany
40080692870,14.091584,-87.197413,Distrito Central,Francisco Morazan,Honduras
42342406472,38.296117,-0.574066,Alicante,Valencia,Spain
41749954042,36.150965,-95.904732,Tulsa,Oklahoma,United States
28148280978,14.091584,-87.197413,Distrito Central,Francisco Morazan,Honduras
42706223812,53.703312,7.161712,Landkreis Aurich,Lower Saxony,Germany
27998991057,46.545933,-87.378087,Marquette,Michigan,United States
39486509352,43.318753,11.331378,Siena,Tuscany,Italy
42861161182,50.916217,-0.107781,East Sussex,England,United Kingdom
26004458818,43.773696,11.256179,Florence,Tuscany,Italy
41546978265,50.050305,19.796977,Krakow County,Lesser Poland,Poland
29045195798,54.461407,10.116004,Rendsburg-Eckernforde,Schleswig-Holstein,Germany
24886347547,45.676338,13.421020,Rendsburg-Eckernforde,Friuli-Venezia Giulia,Italy
42311039632,33.450080,-112.073473,Maricopa,Arizona,United States
41959270405,52.238192,-0.596265,Bedfordshire,England,United Kingdom
29024432528,54.461407,10.116004,Rendsburg-Eckernforde,Schleswig-Holstein,Germany
40367730114,35.049462,-90.025126,Shelby,Tennessee,United States
8367566454,29.322924,85.236053,Rikaze,Tibet,China
28814651188,52.358891,4.884602,Amsterdam,North Holland,Netherlands
40380191502,36.159897,-86.779954,Davidson,Tennessee,United States
26144134897,47.901134,11.333405,Bad Tolz-Wolfratshausen,Bavaria,Germany
39687445190,40.587103,-3.601799,Madrid,Madrid,Spain
41397268274,-27.607809,152.896406,Brisbane,Queensland,Australia
42212851012,32.778272,-79.929517,Charleston,South Carolina,United States
39863883960,48.578552,-3.829271,Finistere,Brittany,France
40991570005,33.762879,-84.393496,Fulton,Georgia,United States
40513519630,32.772138,-79.927811,Charleston,South Carolina,United States
27055206217,33.762897,-84.393475,Fulton,Georgia,United States
41993631315,48.860277,2.351944,Paris,Ile-de-France,France
28057194607,36.181947,-86.749677,Davidson,Tennessee,United States
38931490754,43.733491,-79.360127,Toronto,Ontario,Canada
41121352920,67.880195,12.982063,Moskenes Kommune,Nordland,Norway
41008313384,50.106742,8.705259,Frankfurt,Hesse,Germany
27342975238,51.506320,-0.127140,Greater London,England,United Kingdom
26585539708,39.699470,9.578100,Ogliastra,Sardinia,Italy
29009416018,55.749848,37.629332,Moskva Raion,Moscow Federal City,Russia
42170787191,15.891990,-61.221219,Capesterre-de-Marie-Galante,Pointe-A-Pitre,Guadeloupe
42539411572,33.678782,-78.894495,Horry,South Carolina,United States
26710836477,32.276683,-96.647586,Ellis,Texas,United States
41777209405,33.683425,-78.886985,Horry,South Carolina,United States
28066074387,48.860277,2.351944,Paris,Ile-de-France,France
40873547650,32.721683,-114.619531,Yuma,Arizona,United States
42362855392,-8.521406,119.870141,Manggarai Barat,East Nusa Tenggara,Indonesia
41723611255,33.683389,-78.885140,Horry,South Carolina,United States
40519118761,48.153328,11.582529,Munich,Bavaria,Germany
27838966507,33.678211,-78.894023,Horry,South Carolina,United States
42067141371,53.541069,-113.502898,Alberta,Alberta,Canada
38959741554,64.161823,-15.877132,Alberta,Auster-Skaftafellssysla,Iceland
26369539267,42.897338,-77.273365,Ontario,New York,United States
29008601198,1.281710,103.863930,Ontario,Central Singapore,Singapore
38843074405,39.683939,9.446868,Ogliastra,Sardinia,Italy
41754208905,32.857133,-116.918799,San Diego,California,United States
41899672821,41.681902,-72.656370,Hartford,Connecticut,United States
8083233564,35.960222,116.136474,Hartford,Henan,China
28883594428,54.527083,9.693353,Schleswig-Flensburg,Schleswig-Holstein,Germany
25002945357,18.789784,98.988339,Mueang Chiang Mai,Chiang Mai,Thailand
42651977632,32.858224,-116.919990,San Diego,California,United States
26123639717,46.063270,13.235424,Udine,Friuli-Venezia Giulia,Italy
41847233314,-2.678775,111.622874,Kotawaringin Barat,Central Kalimantan,Indonesia
42004733885,61.736097,16.880094,Hudiksvall,Gavleborg,Sweden
38661496855,52.139988,5.727310,Ede,Guelders,Netherlands
40957991924,40.601441,8.300170,Sassari,Sardinia,Italy
27365883047,-33.388954,-58.317060,Sassari,Soriano,Uruguay
27793002019,39.952981,-75.129409,Camden,New Jersey,United States
42688279472,-8.621321,115.087387,Tabanan Kabupaten,Bali,Indonesia
41885029961,50.624363,5.566741,Liege,Liege,Belgium
41562950032,32.857022,-116.919057,San Diego,California,United States
3807108215,15.530216,73.764038,North Goa,Goa,India
41057815210,-38.653842,-71.619186,Cautin Province,Araucania Region,Chile
41901571792,36.508739,-4.895267,Malaga,Andalusia,Spain
41816829692,51.493852,3.903665,Goes,Zeeland,Netherlands
35417278056,28.078417,-17.150859,Santa Cruz de Tenerife,Canary Islands,Spain
41993575985,58.596372,49.666775,Santa Cruz de Tenerife,Kirov Oblast,Russia
27728346517,32.857863,-116.919862,San Diego,California,United States
36003193441,28.111458,-17.283620,Santa Cruz de Tenerife,Canary Islands,Spain
40379758144,55.864535,-4.255871,Glasgow City,Scotland,United Kingdom
38882986822,28.088129,-17.339676,Santa Cruz de Tenerife,Canary Islands,Spain
42405332621,-32.423985,115.981893,Serpentine-jarrahdale,Western Australia,Australia
42348885751,45.665585,12.781090,Venice,Veneto,Italy
39311873434,13.735633,100.503777,Venice,Bangkok,Thailand
39133474874,39.683939,9.446868,Ogliastra,Sardinia,Italy
28567961288,52.238165,-0.596630,Bedfordshire,England,United Kingdom
40955751645,52.298506,-3.497514,Powys County,Wales,United Kingdom
40339840065,46.077041,18.215332,Pecs,Pecs,Hungary
42785095892,50.370950,-4.153261,Devon,England,United Kingdom
41632081585,40.601441,8.300170,Sassari,Sardinia,Italy
41514434232,52.945108,-1.214847,Nottinghamshire,England,United Kingdom
42181628021,43.733460,-79.360771,Toronto,Ontario,Canada
41155678411,37.126927,-111.881662,Kane,Utah,United States
42368069812,32.857371,-116.918950,San Diego,California,United States
42889369872,43.529033,142.464447,Kamikawa-gun,Hokkaido Prefecture,Japan
27144366527,38.642430,0.064373,Alicante,Valencia,Spain
27380605708,-41.940697,172.533691,Tasman District,Tasman,New Zealand
42373090212,68.077919,13.327445,Flakstad Kommune,Nordland,Norway
28831361058,48.212591,11.562488,Munich,Bavaria,Germany
39794589121,39.683939,9.446868,Ogliastra,Sardinia,Italy
40220808850,34.614217,-86.461029,Madison,Alabama,United States
41166914245,32.857208,-116.919186,San Diego,California,United States
42533237251,45.702280,8.919383,Varese,Lombardy,Italy
38200304851,40.722336,-74.012123,Manhattan,New York,United States
23745351938,39.739715,-75.224796,Gloucester,New Jersey,United States
40713401992,21.282250,-157.839129,Honolulu,Hawaii,United States
26188005788,14.574612,120.989341,Metropolitan Manila,National Capital Region,Philippines
41277572411,35.212973,-111.650544,Coconino,Arizona,United States
26229966307,51.667051,0.571780,Essex,England,United Kingdom
42006012415,3.145629,101.686262,Kuala Lumpur,Kuala Lumpur,Malaysia
41178506614,32.857497,-116.918864,San Diego,California,United States
28628344848,55.778648,37.634782,Moskva Raion,Moscow Federal City,Russia
29042416418,51.987736,4.598046,Zuidplas,South Holland,Netherlands
26073935217,32.857087,-116.918799,San Diego,California,United States
42046815055,45.410020,11.868324,Padua,Veneto,Italy
42005163181,32.860399,-117.007248,San Diego,California,United States
27112037568,43.993061,1.710176,Tarn,Midi-Pyrenees,France
38852458310,48.412854,-123.379370,Capital,British Columbia,Canada
39766032644,23.752039,90.438079,Dhaka,Dhaka,Bangladesh
42070482374,68.104757,13.289766,Flakstad Kommune,Nordland,Norway
41469862731,-27.475227,152.976368,Brisbane,Queensland,Australia
39418009750,40.561861,8.313654,Sassari,Sardinia,Italy
28407045948,36.116877,-115.176908,Clark,Nevada,United States
39369013985,55.860525,-4.257438,Glasgow City,Scotland,United Kingdom
39085717980,41.815919,-88.062114,Dupage,Illinois,United States
24988189077,46.362403,14.090008,Bled,Radovljica,Slovenia
39909230071,45.319980,-85.264723,Charlevoix,Michigan,United States
28774502378,39.312328,-76.588525,Baltimore City,Maryland,United States
41560483754,39.346071,-76.612751,Baltimore City,Maryland,United States
38851609944,24.304550,109.379882,Liuzhou,Guangxi,China
40076492200,25.168379,121.442205,Tamsui District,New Taipei City,Taiwan
40839060960,51.260885,-2.651953,Somerset,England,United Kingdom
25795782267,48.847546,2.375428,Paris,Ile-de-France,France
40711135335,48.547040,9.165655,Reutlingen,Baden-Wurttemberg,Germany
27106738308,-42.898334,147.303611,Hobart,Tasmania,Australia
30123433373,49.908289,7.868957,Landkreis Bad Kreuznach,Rhineland-Palatinate,Germany
27045450667,32.857263,-116.918692,San Diego,California,United States
39029600475,51.025805,4.477425,Mechelen,Antwerp,Belgium
40335451560,25.173554,121.434384,Tamsui District,New Taipei City,Taiwan
40514935711,54.567313,-3.159692,Cumbria,England,United Kingdom
42860467322,34.671829,135.493901,Nishi-ku,Osaka Prefecture,Japan
39019733894,48.360000,-68.779723,Rimouski-Neigette,Quebec,Canada
39826499154,43.063557,11.610145,Siena,Tuscany,Italy
41901638201,45.196040,4.743175,Ardeche,Rhone-Alpes,France
41798588452,25.073948,121.632288,Xizhi District,New Taipei City,Taiwan
42042557862,51.506522,-0.122345,Greater London,England,United Kingdom
40590847741,53.445769,-3.040645,Merseyside,England,United Kingdom
41333575065,39.324604,-76.636977,Baltimore City,Maryland,United States
41310174055,25.279100,110.276298,Guilin,Guangxi,China
40559314045,18.918919,-99.234467,Cuernavaca,Morelos,Mexico
40295091960,25.082772,121.632653,Xizhi District,New Taipei City,Taiwan
42145714371,28.096161,-17.100306,Santa Cruz de Tenerife,Canary Islands,Spain
27680592187,48.148221,-4.272866,Finistere,Brittany,France
40355371425,51.667051,0.571780,Essex,England,United Kingdom
27048005157,43.369306,-80.980525,Perth,Ontario,Canada
42158294674,46.055692,13.230135,Udine,Friuli-Venezia Giulia,Italy
40623963884,51.312708,-0.476362,Surrey,England,United Kingdom
39810587161,54.115892,-0.083534,East Riding of Yorkshire,England,United Kingdom
39726857995,13.885555,100.597777,Bang Khen,Bangkok,Thailand
41119900725,54.529150,-3.258318,Cumbria,England,United Kingdom
40488946405,51.665887,0.577445,Essex,England,United Kingdom
28011488157,55.862356,-4.253414,Glasgow City,Scotland,United Kingdom
24703549557,42.481133,141.246811,Shiraoi-gun,Hokkaido Prefecture,Japan
16235158367,39.739715,-75.224796,Gloucester,New Jersey,United States
26333464097,51.361692,-0.512559,Surrey,England,United Kingdom
28038265387,14.585708,121.001822,Metropolitan Manila,National Capital Region,Philippines
42525517701,42.380080,-73.115142,Berkshire,Massachusetts,United States
40264593370,31.243805,121.433763,Shanghai,Shanghai,China
41161882735,52.298506,-3.497514,Powys County,Wales,United Kingdom
41508629355,39.299742,-76.622825,Baltimore City,Maryland,United States
42519924851,43.447626,3.603250,Herault,Languedoc-Roussillon,France
41286098065,39.684996,9.463348,Ogliastra,Sardinia,Italy
42673114371,42.367238,-87.815933,Lake,Illinois,United States
24794873697,55.754083,37.638730,Moskva Raion,Moscow Federal City,Russia
27702160659,23.010986,-82.894042,Moskva Raion,Havana Province,Cuba
39495065362,40.755524,-73.986911,Manhattan,New York,United States
26557380247,51.667051,0.571780,Essex,England,United Kingdom
38075143296,45.792544,6.211051,Upper Savoy,Rhone-Alpes,France
41551714455,14.651308,121.043166,Metropolitan Manila,National Capital Region,Philippines
41168673194,54.447985,-2.990341,Cumbria,England,United Kingdom
27258330217,43.069263,11.645164,Siena,Tuscany,Italy
41548094124,35.691470,139.698607,Shinjuku-ku,Tokyo Prefecture,Japan
39685132980,37.968577,23.720426,Attica,Attica,Greece
37335589550,45.900043,6.128139,Upper Savoy,Rhone-Alpes,France
41000005144,43.039360,-87.905945,Milwaukee,Wisconsin,United States
41212359142,61.757215,16.865301,Hudiksvall,Gavleborg,Sweden
41117397964,47.705494,9.195566,Constance,Baden-Wurttemberg,Germany
29063052808,54.461407,10.116004,Rendsburg-Eckernforde,Schleswig-Holstein,Germany
25841105047,53.884208,-3.047536,Lancashire,England,United Kingdom
42907738461,-26.001059,-65.808191,Cafayate,Salta,Argentina
27800688107,40.601441,8.300170,Sassari,Sardinia,Italy
40335443154,48.892527,2.341563,Paris,Ile-de-France,France
40183557015,39.019250,26.571464,North Aegean,Aegean,Greece
41975334794,43.006906,10.556488,Leghorn,Tuscany,Italy
38913990620,28.715566,-14.013737,Las Palmas,Canary Islands,Spain
41227865034,52.714408,5.098105,Medemblik,North Holland,Netherlands
40183193021,55.752876,37.622165,Moskva Raion,Moscow Federal City,Russia
42428445311,54.561479,-2.947626,Cumbria,England,United Kingdom
40561687064,36.074528,-115.000891,Clark,Nevada,United States
27146344547,44.146739,141.778564,Clark,Hokkaido Prefecture,Japan
40469725080,41.611795,2.344827,Barcelona,Catalonia,Spain
41869853045,55.861729,-4.251676,Glasgow City,Scotland,United Kingdom
42391983271,54.156520,-2.437469,North Yorkshire,England,United Kingdom
40764340434,25.298320,83.007287,Varanasi,Uttar Pradesh,India
27202175357,23.731926,90.420913,Dhaka,Dhaka,Bangladesh
38997032645,55.990376,-3.386685,City of Edinburgh,Scotland,United Kingdom
39615849322,49.205922,12.054172,Schwandorf,Bavaria,Germany
24292402137,46.739001,11.956579,Bolzano,Trentino-Alto Adige,Italy
40499961851,38.696161,-9.197015,Lisbon,Lisbon,Portugal
42047387122,38.956233,-104.784970,El Paso,Colorado,United States
26034027838,52.908073,-1.225490,Nottinghamshire,England,United Kingdom
38670666135,-33.857778,151.208888,Nottinghamshire,New South Wales,Australia
42894374001,55.761122,37.641906,Moskva Raion,Moscow Federal City,Russia
39640948035,38.696161,-9.197015,Lisbon,Lisbon,Portugal
39727651482,52.952361,-1.092066,Nottinghamshire,England,United Kingdom
42579064942,33.980666,-118.469500,Los Angeles,California,United States
40977368420,53.694211,-2.473434,Lancashire,England,United Kingdom
41033253750,36.151182,-86.849670,Davidson,Tennessee,United States
41890055121,52.719360,5.095725,Medemblik,North Holland,Netherlands
41069629720,48.497454,20.537760,Josvafo,Borsod-Abauj-Zemplen,Hungary
39803392954,47.616187,-117.380869,Spokane,Washington,United States
40316170330,52.070282,4.337024,The Hague,South Holland,Netherlands
26803851287,35.023182,135.721120,The Hague,Kyoto Prefecture,Japan
40644471332,41.393809,2.164306,Barcelona,Catalonia,Spain
28492975168,25.024673,110.439351,Guilin,Guangxi,China
25948016078,30.228888,-97.843334,Travis,Texas,United States
41509391904,52.298506,-3.497514,Powys County,Wales,United Kingdom
39693536401,43.696629,-79.255499,Toronto,Ontario,Canada
38867834515,49.207250,12.055066,Schwandorf,Bavaria,Germany
25555482197,57.059585,9.911439,Aalborg,Nordjylland,Denmark
27695373237,44.610504,7.942471,Cuneo,Piedmont,Italy
25699525447,44.817159,20.461349,Cuneo,Beograd,Serbia
41174410965,43.332029,11.321872,Siena,Tuscany,Italy
28098469189,39.369763,-0.335469,Valencia,Valencia,Spain
25837414138,51.712822,3.686330,Schouwen-Duiveland,Zeeland,Netherlands
40511634684,52.942948,-1.212444,Nottinghamshire,England,United Kingdom
40769385032,39.106120,26.562988,North Aegean,Aegean,Greece
27467359637,48.839751,-3.003999,Cotes-d'Armor,Brittany,France
40910083124,-32.646448,116.033456,Murray,Western Australia,Australia
40081076954,38.051740,-84.597644,Fayette,Kentucky,United States
40963402285,46.884424,3.152475,Nievre,Burgundy,France
42088795552,52.782831,-0.906887,Leicestershire,England,United Kingdom
24857650157,39.379027,-0.323538,Valencia,Valencia,Spain
27725668847,47.524619,19.054584,Budapest X.,Budapest,Hungary
29074714688,54.443593,10.155658,Rendsburg-Eckernforde,Schleswig-Holstein,Germany
28770734688,54.560467,-2.947776,Cumbria,England,United Kingdom
35465115081,39.579039,2.652854,Balearic Islands,Balearic Islands,Spain
39138848665,52.908073,-1.225490,Nottinghamshire,England,United Kingdom
38912358064,30.238886,31.546067,Nottinghamshire,Qalubia,Egypt
16879589719,39.739715,-75.224796,Gloucester,New Jersey,United States
42251714722,54.434258,-3.093509,Cumbria,England,United Kingdom
41977109505,38.793086,-9.388525,Sintra,Lisbon,Portugal
39749290152,45.485680,12.417072,Venice,Veneto,Italy
40262236454,39.739715,-75.224796,Gloucester,New Jersey,United States
39839849522,37.691504,-97.349821,Sedgwick,Kansas,United States
39409802402,21.136491,-86.744806,Benito Juarez,Quintana Roo,Mexico
38806300270,51.541957,-0.898754,Benito Juarez,England,United Kingdom
41642565334,25.279100,110.276298,Guilin,Guangxi,China
25680172957,39.810497,2.797806,Balearic Islands,Balearic Islands,Spain
42533216421,41.373717,2.180271,Barcelona,Catalonia,Spain
26974901877,39.774680,3.143267,Balearic Islands,Balearic Islands,Spain
3053545707,28.394750,84.127769,Balearic Islands,Balearic Islands,Nepal
28263796949,43.817683,7.781410,Imperia,Liguria,Italy
28487107598,51.559479,5.076177,Tilburg,North Brabant,Netherlands
39801378344,45.927632,8.562812,Verbano-Cusio-Ossola,Piedmont,Italy
28576509578,52.779281,0.153379,Lincolnshire,England,United Kingdom
42173192162,50.855985,-3.385527,Devon,England,United Kingdom
38642074775,43.217874,13.783597,Fermo,Marche,Italy
28085051218,47.030003,12.822933,Spittal an der Drau District,Carinthia,Austria
23918681782,43.859856,18.434014,Sarajevski Kanton,Federacija Bosne I Hercegovine,Bosnia and Herzegovina
41969797284,52.069075,4.348225,The Hague,South Holland,Netherlands
25999816937,34.967150,135.771683,The Hague,Kyoto Prefecture,Japan
25738427927,54.962480,9.178401,Aabenraa,Syddanmark,Denmark
38694493635,50.465882,4.864690,Namur,Namur,Belgium
28073443227,42.062983,-88.146600,Cook,Illinois,United States
25839642888,37.922263,22.389106,Peloponnese,Peloponnese Western Greece and the Ionian Island,Greece
41959727704,53.385997,-2.603437,Cheshire,England,United Kingdom
27805640448,52.719403,5.094566,Medemblik,North Holland,Netherlands
41740694684,33.713222,-115.400358,Riverside,California,United States
41912236812,51.751388,4.080833,Goeree-Overflakkee,South Holland,Netherlands
27675923589,40.738022,-3.817491,Madrid,Madrid,Spain
38919600960,22.294183,114.171958,Madrid,Yau Tsim Mong,Hong Kong
28253285798,38.919886,22.413311,Central Greece,Thessaly and Continental Greece,Greece
41069037125,53.554956,9.979394,Stadtkreis Hamburg,Hamburg,Germany
42228270024,26.492709,-80.221568,Palm Beach,Florida,United States
41837378014,43.063212,11.610789,Siena,Tuscany,Italy
39878530294,16.904955,21.774561,Ennedi Ouest,Ennedi,Chad
15237421236,52.100009,5.771460,Ede,Guelders,Netherlands
28028149967,50.582537,3.885726,Ath,Hainault,Belgium
40557499992,29.395938,30.495901,Ath,Fayoum,Egypt
41850402525,47.301797,-2.524420,Loire-Atlantique,Pays de la Loire,France
28812446358,48.839165,-3.004846,Cotes-d'Armor,Brittany,France
17896577461,62.931605,22.041855,Kyronmaan,Ostrobothnia,Finland
41415280565,37.946426,-120.821414,Kyronmaan,California,United States
41020777070,43.215685,13.783979,Fermo,Marche,Italy
39415818985,29.396312,30.495175,Fermo,Fayoum,Egypt
41232230884,51.017034,15.661547,Lwowek Slaski County,Lower Silesia,Poland
41953052342,53.545611,9.999521,Stadtkreis Hamburg,Hamburg,Germany
40081079064,38.051740,-84.597644,Fayette,Kentucky,United States
39234710464,46.483772,12.051379,Belluno,Veneto,Italy
41198174261,30.228696,-71.551757,Belluno,Veneto,Italy
27909151879,48.214121,16.376388,Vienna,Vienna,Austria
40542710450,33.050227,-117.265354,San Diego,California,United States
40141620820,22.299248,114.172282,San Diego,Yau Tsim Mong,Hong Kong
25620944758,22.343953,91.827689,Chittagong,Chittagong,Bangladesh
29050035288,48.497924,20.537266,Josvafo,Borsod-Abauj-Zemplen,Hungary
27861804958,55.947394,-3.193920,City of Edinburgh,Scotland,United Kingdom
42432416622,54.084632,-4.761865,Rushen,Isle of Man,United Kingdom
42017577564,56.104619,11.125605,Odsherred,Sjaelland,Denmark
41347044495,40.028337,-6.092433,Caceres,Extremadura,Spain
40784714102,29.396202,30.495871,Caceres,Fayoum,Egypt
26791155808,43.263550,-81.820700,Lambton,Ontario,Canada
42905391391,41.610854,-81.332001,Lake,Ohio,United States
41660504114,50.617442,-3.529154,Devon,England,United Kingdom
41232230734,51.017034,15.661547,Lwowek Slaski County,Lower Silesia,Poland
27584692297,43.070894,11.656751,Siena,Tuscany,Italy
41167410805,13.885555,100.597777,Bang Khen,Bangkok,Thailand
41135677592,51.510241,-0.134732,Greater London,England,United Kingdom
42728455982,39.057098,26.544670,North Aegean,Aegean,Greece
41224927745,38.919886,22.413311,Central Greece,Thessaly and Continental Greece,Greece
41229165754,56.462475,-2.971359,Dundee City,Scotland,United Kingdom
39262100060,54.009027,-1.473964,North Yorkshire,England,United Kingdom
40330449632,44.778179,10.316848,Parma,Emilia Romagna,Italy
42093175994,40.557406,-3.342332,Madrid,Madrid,Spain
27113149177,8.031152,98.821658,Mueang Krabi,Krabi,Thailand
41117843625,43.062115,11.612076,Siena,Tuscany,Italy
26576152018,13.546074,100.632083,Mueang Samut Prakan,Samut Prakan,Thailand
41459976854,14.565511,120.985991,Metropolitan Manila,National Capital Region,Philippines
27463867617,15.315975,-16.776123,Tivaouane,Thies,Senegal
41756755991,37.832294,-122.479962,Marin,California,United States
27534305448,44.812044,20.453796,Marin,Beograd,Serbia
39789877412,56.070375,-3.469639,Fife,Scotland,United Kingdom
41175818342,44.780860,10.445594,Reggio nell'Emilia,Emilia Romagna,Italy
39557026900,52.497773,13.378011,Berlin,Berlin,Germany
28236376928,52.013145,6.129319,Doesburg,Guelders,Netherlands
27474914667,43.073057,11.648855,Siena,Tuscany,Italy
39307564760,54.009097,-1.474851,North Yorkshire,England,United Kingdom
40031245011,35.670894,139.764987,Chuo-ku,Tokyo Prefecture,Japan
40222179102,52.652244,-7.252106,Chuo-ku,Kilkenny,Ireland
40258935871,59.184986,5.215587,Karmoy Kommune,Rogaland,Norway
40980689325,52.908073,-1.225490,Nottinghamshire,England,United Kingdom
39046068865,56.225233,-2.683484,Fife,Scotland,United Kingdom
39460730354,48.831468,2.378443,Paris,Ile-de-France,France
41078081242,67.945349,13.131483,Moskenes Kommune,Nordland,Norway
40417366291,9.530435,99.934233,Ko Samui,Surat Thani,Thailand
41732367675,25.024673,110.439351,Guilin,Guangxi,China
28816822228,48.853046,2.345656,Paris,Ile-de-France,France
38580915120,42.306213,-71.425294,Middlesex,Massachusetts,United States
28415146248,-1.725622,-48.827705,Abaetetuba,Para,Brazil
38562419430,-43.923290,171.707575,Ashburton District,Canterbury,New Zealand
39478161945,16.468600,107.577309,Thành Phố Huế,Thura Thien-Hue,Vietnam
39909062891,22.552908,-78.405220,Thành Phố Huế,Ciego de Avila,Cuba
41006122601,53.958108,-1.093009,North Yorkshire,England,United Kingdom
42265307771,49.239015,-123.133027,Greater Vancouver,British Columbia,Canada
27646026467,48.337994,86.912841,Aletai,Xinjiang,China
40418217582,54.205552,-2.361387,North Yorkshire,England,United Kingdom
41950269725,50.080897,6.924626,Bernkastel-Wittlich,Rhineland-Palatinate,Germany
40963023680,22.316666,114.183333,Bernkastel-Wittlich,Kowloon City,Hong Kong
27244226367,28.480021,34.497799,Bernkastel-Wittlich,South Sinai,Egypt
39869385225,48.921575,2.039723,Yvelines,Ile-de-France,France
41954402632,53.545326,9.980719,Stadtkreis Hamburg,Hamburg,Germany
26377377207,39.961466,3.212690,Balearic Islands,Balearic Islands,Spain
42053246804,51.219162,4.393812,Antwerp,Antwerp,Belgium
27479216557,40.040163,-3.601537,Madrid,Madrid,Spain
40739401332,52.653998,-0.606822,Rutland County,England,United Kingdom
41903763555,35.000366,135.773645,Rutland County,Kyoto Prefecture,Japan
40671362882,46.778947,-71.304423,Quebec,Quebec,Canada
26990653347,22.577717,88.354454,Kolkata,West Bengal,India
40463247435,67.930945,13.085403,Moskenes Kommune,Nordland,Norway
41956229625,53.031097,-1.487445,Derbyshire,England,United Kingdom
40544346664,41.666349,-0.908796,Zaragoza,Aragon,Spain
27016374047,59.436696,24.737777,Tallinn,Harju County,Estonia
27853686368,56.007261,-3.394542,Fife,Scotland,United Kingdom
39422574945,50.856963,-1.174959,Hampshire,England,United Kingdom
25881085408,43.773108,11.256566,Florence,Tuscany,Italy
41180318685,51.017034,15.661547,Lwowek Slaski County,Lower Silesia,Poland
40276860232,51.401294,-0.309334,Greater London,England,United Kingdom
39590518392,60.167133,24.948234,Helsingin,Uusimaa,Finland
40839255470,50.592936,8.702716,Giessen,Hesse,Germany
42085501754,38.310476,-111.475181,Wayne,Utah,United States
27816229229,45.728878,-72.242660,Le Val-St-Francois,Quebec,Canada
40291590310,52.908073,-1.225490,Nottinghamshire,England,United Kingdom
28521506428,50.011329,7.847671,Mainz-Bingen,Rhineland-Palatinate,Germany
42032157735,53.346375,-6.263183,Mainz-Bingen,Dublin,Ireland
42411736192,13.896410,100.608329,Bang Khen,Bangkok,Thailand
28573939018,64.243606,-14.964194,Bang Khen,Auster-Skaftafellssysla,Iceland
25023478097,45.487455,-73.813018,Montreal,Quebec,Canada
42763931831,35.001368,135.771853,Montreal,Kyoto Prefecture,Japan
29009039128,26.951453,71.257324,Jaisalmer,Rajasthan,India
42155102324,46.056049,13.240435,Udine,Friuli-Venezia Giulia,Italy
27232152788,38.708118,-79.413621,Pendleton,West Virginia,United States
42085533622,38.312927,140.435147,Pendleton,Yamagata Prefecture,Japan
39699511221,55.376086,25.955801,Ignalina District Municipality,Utena County,Lithuania
27006601837,-1.728882,-48.786334,Abaetetuba,Para,Brazil
26600874958,39.666796,140.279102,Abaetetuba,Akita Prefecture,Japan
26903304848,37.832127,-122.025453,Contra Costa,California,United States
27978427718,45.435803,12.348632,Venice,Veneto,Italy
38943778650,40.411453,-3.690923,Madrid,Madrid,Spain
27032618928,41.070701,28.690237,Kartal,Istanbul,Turkey
41388064604,42.003718,34.959697,Merkez,Sinop,Turkey
40526671822,39.666615,140.279188,Merkez,Akita Prefecture,Japan
27989539457,48.497853,20.537502,Josvafo,Borsod-Abauj-Zemplen,Hungary
39956123981,42.833214,-73.984723,Schenectady,New York,United States
27357283627,39.339350,3.053665,Balearic Islands,Balearic Islands,Spain
39166123604,53.525806,10.001227,Stadtkreis Hamburg,Hamburg,Germany
40826419430,49.496200,0.107964,Seine-Maritime,Upper Normandy,France
40257348824,54.666844,-2.753705,Cumbria,England,United Kingdom
28231908859,29.750662,-95.573659,Harris,Texas,United States
40142975421,32.187731,-110.816927,Pima,Arizona,United States
39923979081,50.347842,18.918124,Bytom,Silesian,Poland
41655727065,51.522000,-0.157000,Greater London,England,United Kingdom
26389643587,43.476264,-3.909158,Cantabria,Cantabria,Spain
41134494954,47.348426,18.359806,Csakbereny,Fejer,Hungary
24580140017,35.049122,139.094467,Csakbereny,Shizuoka Prefecture,Japan
27653541037,50.710292,-3.458139,Devon,England,United Kingdom
41239172282,38.236804,-84.524002,Scott,Kentucky,United States
26691515268,36.160676,-86.809158,Davidson,Tennessee,United States
39215106680,1.310005,103.826293,Davidson,Central Singapore,Singapore
28016351928,37.911932,22.143887,West Greece,Peloponnese Western Greece and the Ionian Island,Greece
40622491670,53.554222,10.005513,Stadtkreis Hamburg,Hamburg,Germany
39723007800,50.123322,8.680400,Frankfurt,Hesse,Germany
41830541454,40.028337,-6.092433,Caceres,Extremadura,Spain
26527160957,36.572561,136.665576,Caceres,Ishikawa Prefecture,Japan
41133953044,-24.776759,31.662597,Ehlanzeni,Mpumalanga,South Africa
42421017722,48.067222,7.678724,Breisgau-Hochschwarzwald,Baden-Wurttemberg,Germany
39605674385,52.577183,-0.556870,Northamptonshire,England,United Kingdom
25301380957,34.296472,132.319961,Northamptonshire,Hiroshima Prefecture,Japan
39468007212,17.633102,-101.548186,Jose Azueta,Guerrero,Mexico
39553057031,50.123309,8.680422,Frankfurt,Hesse,Germany
41736206811,52.712502,5.719344,Noordoostpolder,Flevoland,Netherlands
28747002088,50.627860,3.390998,Tournai,Hainault,Belgium
27064591878,47.103542,20.748120,Turkeve,Jasz-Nagykun-Szolnok,Hungary
38922673365,50.470452,4.825387,Namur,Namur,Belgium
41299261625,38.302806,-111.419241,Wayne,Utah,United States
41686020074,51.463953,5.702419,Helmond,North Brabant,Netherlands
39044271064,29.187516,-81.074756,Volusia,Florida,United States
27958349099,47.011864,-84.776859,Algoma,Ontario,Canada
26014368648,51.513429,-0.088938,Greater London,England,United Kingdom
41840659632,45.008074,-72.098658,Memphremagog,Quebec,Canada
41509024184,49.239057,-123.133199,Greater Vancouver,British Columbia,Canada
41379084491,36.572130,136.666166,Greater Vancouver,Ishikawa Prefecture,Japan
40652905670,46.811207,-71.208508,Quebec,Quebec,Canada
41387699594,45.535693,10.234580,Brescia,Lombardy,Italy
41609095494,-1.725622,-48.827705,Abaetetuba,Para,Brazil
39267888005,51.506395,-0.019397,Greater London,England,United Kingdom
39094718744,43.773201,11.255471,Florence,Tuscany,Italy
40552570730,47.506787,19.048125,Budapest X.,Budapest,Hungary
41228753882,21.803327,-79.986670,Budapest X.,Sancti Spiritus,Cuba
41896343425,25.297111,83.007287,Varanasi,Uttar Pradesh,India
25192743287,47.400111,0.715656,Indre-et-Loire,Centre region,France
40596437661,59.236698,18.105061,Stockholm Kommun,Stockholm,Sweden
41514816161,38.797610,-9.390091,Sintra,Lisbon,Portugal
26746558697,34.101402,-118.325929,Los Angeles,California,United States
27244190458,46.397916,14.088850,Bled,Radovljica,Slovenia
40284870991,55.748419,37.611694,Moskva Raion,Moscow Federal City,Russia
42810174581,38.602249,-112.580316,Millard,Utah,United States
28904303638,40.954881,-4.145278,Segovia,Castille and Leon,Spain
38920497324,34.684455,137.478797,Segovia,Aichi Prefecture,Japan
26460445048,47.930649,0.085111,Sarthe,Pays de la Loire,France
27776041769,46.803180,21.652582,Sarthe,Bihor,Romania
42013476405,45.869097,9.656000,Bergamo,Lombardy,Italy
40103568730,51.907240,4.490833,Rotterdam,South Holland,Netherlands
24971296347,45.504744,-73.560795,Montreal,Quebec,Canada
27981462318,44.400184,8.947677,Genoa,Liguria,Italy
27946940007,43.737677,-79.359741,Toronto,Ontario,Canada
40717429395,32.778230,-79.931030,Charleston,South Carolina,United States
42011393141,53.543763,9.993160,Stadtkreis Hamburg,Hamburg,Germany
42441908072,29.396411,30.495834,Stadtkreis Hamburg,Fayoum,Egypt
41349177595,48.893008,2.392541,Paris,Ile-de-France,France
42141519202,46.343520,-72.535257,Trois-Rivieres,Quebec,Canada
27039188928,49.282168,-123.083546,Greater Vancouver,British Columbia,Canada
42250944122,46.345128,-72.544784,Trois-Rivieres,Quebec,Canada
27632434097,36.154231,-86.798858,Davidson,Tennessee,United States
42084500794,36.985485,-110.109765,Navajo,Arizona,United States
40850445400,43.734124,-79.359312,Toronto,Ontario,Canada
40782854605,33.262573,-115.466458,Imperial,California,United States
41111828975,53.544252,9.996469,Stadtkreis Hamburg,Hamburg,Germany
42218634132,49.239015,-123.133027,Greater Vancouver,British Columbia,Canada
41782578451,47.385279,8.505917,Zurich,Canton of Zurich,Switzerland
40038414324,50.123336,8.680400,Frankfurt,Hesse,Germany
24972245437,51.519291,-0.126900,Greater London,England,United Kingdom
27539402477,33.990404,-84.209625,Gwinnett,Georgia,United States
27974279777,38.531480,-111.082763,Gwinnett,Utah,United States
41710147684,52.469444,13.335277,Berlin,Berlin,Germany
40039171015,6.716096,80.672435,Ratnapura,Sabaragamuwa,Sri Lanka
28157832788,50.123322,8.680400,Frankfurt,Hesse,Germany
27947633409,40.741867,-74.005140,Manhattan,New York,United States
27882001537,51.550938,3.515807,Veere,Zeeland,Netherlands
25951661528,47.390594,0.690325,Indre-et-Loire,Centre region,France
42295730281,55.860488,-4.302414,Glasgow City,Scotland,United Kingdom
38639842290,39.666705,140.279155,Glasgow City,Akita Prefecture,Japan
26029640417,53.517756,-2.790184,Glasgow City,England,United Kingdom
26730651237,50.123329,8.680400,Frankfurt,Hesse,Germany
41092351785,48.860977,2.336099,Paris,Ile-de-France,France
28179781258,53.885030,-9.546346,Paris,Mayo,Ireland
41844640182,43.975200,8.158249,Savona,Liguria,Italy
39802723275,50.964255,6.965160,Cologne,North Rhine-Westphalia,Germany
39653341211,62.642359,17.698802,Harnosand,Vasternorrland,Sweden
26319572807,48.308282,10.185323,Landkreis Neu-Ulm,Bavaria,Germany
39026419315,45.743309,4.815734,Rhone,Rhone-Alpes,France
26876035828,47.011864,-84.776859,Algoma,Ontario,Canada
41108770340,47.105945,20.682599,Turkeve,Jasz-Nagykun-Szolnok,Hungary
41013688020,35.000463,135.773806,Turkeve,Kyoto Prefecture,Japan
40120727244,43.841894,1.391315,Upper Garonne,Midi-Pyrenees,France
38974108270,51.027950,4.477883,Mechelen,Antwerp,Belgium
40025338465,44.329155,-72.178756,Caledonia,Vermont,United States
27318795827,44.861222,10.348091,Parma,Emilia Romagna,Italy
41168194294,52.139375,-10.274094,Parma,Kerry,Ireland
38964492555,53.498829,-2.254943,Greater Manchester,England,United Kingdom
40154820662,53.953683,-2.139425,North Yorkshire,England,United Kingdom
40279629520,53.854450,-9.285829,North Yorkshire,Mayo,Ireland
40670508205,51.853168,4.540639,Barendrecht,South Holland,Netherlands
25623880388,55.885730,-3.540359,West Lothian,Scotland,United Kingdom
28042523009,45.436285,12.335071,Venice,Veneto,Italy
41107299840,41.885186,-88.020122,Dupage,Illinois,United States
42503895121,36.153677,-86.798515,Davidson,Tennessee,United States
40688100230,53.339412,-6.259460,Davidson,Dublin,Ireland
39675649355,48.458928,18.892976,Banska Stiavnica,Banskobystricky,Slovakia
40782211000,36.051577,-80.255956,Forsyth,North Carolina,United States
41877550162,35.147977,136.667463,Forsyth,Gifu Prefecture,Japan
42454360001,49.214373,12.070895,Schwandorf,Bavaria,Germany
39243394995,24.552560,-81.765275,Monroe,Florida,United States
41473493644,55.832249,12.061958,Frederikssund,Hovedstaden,Denmark
40904386530,44.390524,10.010390,Parma,Emilia Romagna,Italy
38862746405,44.247805,-71.940253,Grafton,New Hampshire,United States
25907245807,46.811919,-71.203594,Quebec,Quebec,Canada
27942162648,36.158805,-86.793107,Davidson,Tennessee,United States
27942449409,44.815454,20.462722,Davidson,Beograd,Serbia
26416164818,42.797762,-70.815993,Essex,Massachusetts,United States
28631329068,38.531480,-111.082763,Essex,Utah,United States
41880759025,53.540473,10.007836,Stadtkreis Hamburg,Hamburg,Germany
39928380114,43.652472,-79.576721,Toronto,Ontario,Canada
28850060218,41.610493,-81.301102,Lake,Ohio,United States
26183270608,68.030701,13.181533,Flakstad Kommune,Nordland,Norway
26221371478,57.147916,-2.103120,Aberdeen City,Scotland,United Kingdom
40778836130,36.051580,-80.255928,Forsyth,North Carolina,United States
40216349565,34.679551,135.178182,Chuo-ku,Hyogo Prefecture,Japan
40247003130,38.178355,13.293263,Palermo,Sicily,Italy
42863630591,34.144444,-118.145556,Los Angeles,California,United States
25962193838,43.772751,11.255235,Florence,Tuscany,Italy
38954550364,56.108696,-3.956923,Stirling,Scotland,United Kingdom
41950768201,50.167794,14.366834,Prague-East,Central Bohemian Region,Czech Republic
27931601679,59.320798,18.069140,Stockholm Kommun,Stockholm,Sweden
27077891907,35.147677,136.666888,Stockholm Kommun,Gifu Prefecture,Japan
41808209242,64.822075,-23.383026,Stockholm Kommun,Snaefellsnesog Hnappadalssysla,Iceland
28025131919,54.118263,-0.082826,East Riding of Yorkshire,England,United Kingdom
42489885632,38.531480,-111.082763,East Riding of Yorkshire,Utah,United States
40398525502,27.664753,-80.360569,Indian River,Florida,United States
27186459567,50.123295,8.680400,Frankfurt,Hesse,Germany
38992365370,40.593694,-6.948798,Almeida,Guarda,Portugal
39839208872,-6.094811,39.343929,Magharibi,Zanzibar West,Tanzania
39592968094,43.652472,-79.576721,Toronto,Ontario,Canada
41173910095,49.208777,12.057838,Schwandorf,Bavaria,Germany
28109243978,52.135437,-9.974985,Schwandorf,Kerry,Ireland
40442747081,41.545773,2.196375,Barcelona,Catalonia,Spain
41037376182,39.168033,-86.518836,Monroe,Indiana,United States
28500303618,36.339465,-86.852416,Davidson,Tennessee,United States
40513131700,53.349744,-6.260908,Davidson,Dublin,Ireland
40599819491,49.781194,22.769744,Przemysl City,Subcarpathia,Poland
27092932577,53.799358,-9.525017,Przemysl City,Mayo,Ireland
26053663748,45.720938,-72.233347,Le Val-St-Francois,Quebec,Canada
38729675950,59.946242,30.350074,Sankt-Peterburg Raion,Saint Petersburg Federal City,Russia
28098911088,38.787893,-9.390252,Sintra,Lisbon,Portugal
27152703037,30.919879,-6.893529,ورززات,Souss-Massa-Draa,Morocco
42012274602,51.853488,4.528083,Barendrecht,South Holland,Netherlands
38612390860,47.755944,19.046816,Tahitotfalu,Pest County,Hungary
42563380781,40.738022,-3.817491,Madrid,Madrid,Spain
40205556704,42.051650,-87.874231,Cook,Illinois,United States
26000674538,48.177390,11.556222,Munich,Bavaria,Germany
40292867670,13.684684,100.549621,Munich,Bangkok,Thailand
28419947818,50.123322,8.680422,Frankfurt,Hesse,Germany
41972348094,45.187807,-85.383686,Antrim,Michigan,United States
40454439525,51.463294,5.701732,Helmond,North Brabant,Netherlands
28679787148,53.131427,-3.991212,Gwynedd,Wales,United Kingdom
28937536778,34.929725,137.063155,Gwynedd,Aichi Prefecture,Japan
27822341479,55.860381,-4.239875,Glasgow City,Scotland,United Kingdom
41970626261,45.442142,-73.259882,Rouville Regional County Municipality,Quebec,Canada
38975145315,52.016479,6.064796,Rheden,Guelders,Netherlands
41728355852,45.557710,-73.554968,Montreal,Quebec,Canada
42831446992,50.921892,0.982203,Kent,England,United Kingdom
42203323792,44.258109,19.876499,Kent,Kolubara,Serbia
40503551080,29.892909,-81.311037,St. Johns,Florida,United States
38853954634,47.390718,0.688630,Indre-et-Loire,Centre region,France
40933932464,21.805961,-79.987034,Indre-et-Loire,Sancti Spiritus,Cuba
41788089971,52.278301,4.551794,Indre-et-Loire,South Holland,Netherlands
28418246798,32.078681,-110.695411,Pima,Arizona,United States
28901245598,53.438458,5.469024,Terschelling,Frise,Netherlands
39616032135,-34.468495,-57.838554,Terschelling,Colonia,Uruguay
28798474818,45.535708,10.234773,Brescia,Lombardy,Italy
38446700250,0.326775,127.804037,Halmahera Tengah,North Maluku,Indonesia
38952162160,41.384036,2.176765,Barcelona,Catalonia,Spain
26418389598,59.337741,18.618734,Varmdo,Stockholm,Sweden
40093380420,52.327926,4.596010,Varmdo,North Holland,Netherlands
39272605925,48.878673,2.258934,Hauts-de-Seine,Ile-de-France,France
41510688354,53.551112,10.002890,Stadtkreis Hamburg,Hamburg,Germany
39214753105,51.515248,-0.142049,Greater London,England,United Kingdom
39641817495,44.791170,-63.661050,Halifax,Nova Scotia,Canada
41949094444,34.981355,137.013030,Halifax,Aichi Prefecture,Japan
27463457247,44.698446,-73.452830,Clinton,New York,United States
28701110898,49.213651,12.071882,Schwandorf,Bavaria,Germany
40997406545,37.256866,-112.962353,Washington,Utah,United States
42101586921,41.903110,12.495759,Rome,Lazio,Italy
27113641238,35.885207,14.404026,Mtarfa,Malta Majjistral,Malta
41760575834,38.531480,-111.082763,Mtarfa,Utah,United States
40011375375,-4.340089,55.831011,Mtarfa,Baie Ste. Anne,Seychelles
41062276032,10.293554,123.895225,Cebu,Central Visayas,Philippines
26211834747,32.078681,-110.695411,Pima,Arizona,United States
41271209805,50.886439,2.998720,Ypres,West-Vlaanderen,Belgium
41568743175,46.808343,-71.212091,Quebec,Quebec,Canada
42628680272,38.236804,-84.524002,Scott,Kentucky,United States
40998615730,10.371322,124.753618,Leyte,Eastern Visayas,Philippines
40955237215,53.341005,-6.250728,Leyte,Dublin,Ireland
40232534170,44.415145,8.922271,Genoa,Liguria,Italy
41184093351,55.752946,37.622122,Moskva Raion,Moscow Federal City,Russia
41462691995,35.896411,14.509570,Isla,Malta Xlokk,Malta
28213937298,57.240569,-2.348181,Aberdeenshire,Scotland,United Kingdom
26506482068,39.665780,140.277321,Aberdeenshire,Akita Prefecture,Japan
29029215938,51.498558,-0.198977,Greater London,England,United Kingdom
40072504745,51.448912,3.602893,Flushing,Zeeland,Netherlands
27128758018,44.453946,-110.535335,Teton,Wyoming,United States
27092326897,30.336731,-81.395559,Duval,Florida,United States
39604989825,48.480431,20.556042,Josvafo,Borsod-Abauj-Zemplen,Hungary
26608801957,50.580666,5.759500,Verviers,Liege,Belgium
27016715297,47.255815,-122.474727,Pierce,Washington,United States
40305627531,38.140537,-84.598588,Fayette,Kentucky,United States
28638328508,47.105945,20.682599,Turkeve,Jasz-Nagykun-Szolnok,Hungary
41636256874,47.103382,20.747680,Turkeve,Jasz-Nagykun-Szolnok,Hungary
39539019725,41.384029,2.177159,Barcelona,Catalonia,Spain
41522035242,43.968739,5.888671,Alpes-de-Haute-Provence,Provence-Alpes-Cote d'Azur,France
40490053390,51.240619,7.107810,Stadtkreis Wuppertal,North Rhine-Westphalia,Germany
38973089984,51.508655,-0.139067,Greater London,England,United Kingdom
42085246852,52.269687,4.546043,Lisse,South Holland,Netherlands
28249629739,55.899029,-4.315052,Glasgow City,Scotland,United Kingdom
42754164351,43.814463,7.776861,Imperia,Liguria,Italy
39001972785,31.611130,-111.050356,Santa Cruz,Arizona,United States
42043634544,49.727364,13.407611,Pilsen,Pilsen Region,Czech Republic
41037739952,57.311505,-1.993224,Aberdeenshire,Scotland,United Kingdom
39484858822,40.628151,-6.555297,Salamanca,Castille and Leon,Spain
39756509334,46.765447,-121.766881,Lewis,Washington,United States
27045874127,42.954150,12.743732,Perugia,Umbria,Italy
40248606154,45.418982,-75.699727,Ottawa,Ontario,Canada
42500229502,36.051566,-80.255953,Forsyth,North Carolina,United States
27662820449,47.387907,0.688158,Indre-et-Loire,Centre region,France
26230966197,36.157974,-86.814479,Davidson,Tennessee,United States
41610664465,38.297032,-109.866828,San Juan,Utah,United States
24912098337,47.456560,18.851112,Biatorbagy,Pest County,Hungary
41779617492,51.429176,-2.874115,Somerset,England,United Kingdom
38740196545,47.289660,0.715827,Indre-et-Loire,Centre region,France
40176509852,52.523682,13.367110,Berlin,Berlin,Germany
26442083378,51.472883,6.871647,Stadtkreis Oberhausen,North Rhine-Westphalia,Germany
41323579414,41.397238,2.183961,Barcelona,Catalonia,Spain
40014886505,53.647662,-2.314853,Greater Manchester,England,United Kingdom
41868132261,49.550454,6.605551,Trier-Saarburg,Rhineland-Palatinate,Germany
27117633908,52.438713,13.423308,Berlin,Berlin,Germany
26773488017,41.886505,12.488972,Rome,Lazio,Italy
42306078552,46.603164,-91.273555,Bayfield,Wisconsin,United States
38698676730,19.422947,-99.176019,Bayfield,Distrito Federal,Mexico
38622013745,43.329353,5.038347,Bouches-du-Rhone,Provence-Alpes-Cote d'Azur,France
40470807321,41.267767,28.027335,Cerkezkoy,Tekirdag,Turkey
41186011034,40.896776,14.123944,Naples,Campania,Italy
26675445477,52.268010,4.532718,Lisse,South Holland,Netherlands
41969841244,38.015207,-4.726318,Cordoba,Andalusia,Spain
40266538100,36.746699,-3.872390,Malaga,Andalusia,Spain
28076942488,51.508580,-0.124123,Greater London,England,United Kingdom
40074158674,35.038552,135.772926,Greater London,Kyoto Prefecture,Japan
40996350270,42.816371,-70.817508,Essex,Massachusetts,United States
27883729107,38.236804,-84.524002,Scott,Kentucky,United States
27746481447,40.561612,-3.322720,Madrid,Madrid,Spain
41869936475,42.506448,1.518956,Madrid,Andorra la Vella,Andorra
28225796118,50.864727,4.347594,Brussel Hoofdstad,Capital Region of Brussels,Belgium
41965472664,35.605904,-83.803024,Blount,Tennessee,United States
40174958230,33.213958,-97.132568,Denton,Texas,United States
42021254671,54.237832,-2.576572,Cumbria,England,United Kingdom
42856761041,6.934947,79.840736,Colombo,Western,Sri Lanka
41988346984,49.196938,9.069540,Heilbronn,Baden-Wurttemberg,Germany
26412253998,55.751752,37.612123,Moskva Raion,Moscow Federal City,Russia
27058824338,42.910608,-70.811629,Rockingham,New Hampshire,United States
42569338122,43.788321,7.614727,Imperia,Liguria,Italy
40977087181,45.418982,-75.699727,Ottawa,Ontario,Canada
28201500408,54.964478,-1.359858,Tyne and Wear,England,United Kingdom
41484792022,45.556899,-73.556470,Montreal,Quebec,Canada
28491615978,51.430347,0.134314,Greater London,England,United Kingdom
40764269021,51.372684,1.121506,Kent,England,United Kingdom
28053270917,45.495404,-75.676725,Gatineau,Quebec,Canada
25790110997,-43.818922,-67.879543,Martires,Chubut,Argentina
41524448751,40.628721,0.740351,Tarragona,Catalonia,Spain
28470104518,43.119584,11.572552,Siena,Tuscany,Italy
41082689694,47.267474,11.394882,Innsbruck,Tyrol,Austria
42418738372,47.106471,20.682706,Turkeve,Jasz-Nagykun-Szolnok,Hungary
28226193238,51.212347,-4.094467,Devon,England,United Kingdom
42949724261,46.769821,17.048463,Devon,Zala,Hungary
24743944327,45.728878,-72.242660,Le Val-St-Francois,Quebec,Canada
26815145207,44.539467,-110.802612,Le Val-St-Francois,Wyoming,United States
24969463297,47.456691,18.851165,Biatorbagy,Pest County,Hungary
41757419954,38.254133,15.726757,Reggio di Calabria,Calabria,Italy
40211656091,42.797762,-70.815993,Essex,Massachusetts,United States
27802091147,50.503666,5.657166,Liege,Liege,Belgium
42060323784,68.182944,13.901263,Vestvagoy Kommune,Nordland,Norway
41345866324,45.465139,9.191232,Milan,Lombardy,Italy
41714285205,30.290266,-81.388918,Duval,Florida,United States
42817614671,41.381155,2.172428,Barcelona,Catalonia,Spain
42032295731,53.169852,-1.871623,Barcelona,England,United Kingdom
40141814464,43.057452,-86.250271,Ottawa,Michigan,United States
41871205082,56.033547,-4.415087,Stirling,Scotland,United Kingdom
40837224960,35.650601,139.704895,Shibuya-ku,Tokyo Prefecture,Japan
28178699748,41.947122,-87.656006,Cook,Illinois,United States
28335337848,51.227689,2.898588,Ostend,West-Vlaanderen,Belgium
42225019512,41.508609,-81.695569,Cuyahoga,Ohio,United States
28636118928,52.269100,4.546400,Lisse,South Holland,Netherlands
40570996340,51.863930,4.496240,Barendrecht,South Holland,Netherlands
40230220402,-26.110215,28.054693,City of Johannesburg,Gauteng,South Africa
41475150264,52.102024,4.335737,The Hague,South Holland,Netherlands
39166312185,43.239387,-88.245191,The Hague,Wisconsin,United States
40734144510,42.581123,-0.045726,Huesca,Aragon,Spain
42091050361,-38.638809,-71.623992,Cautin Province,Araucania Region,Chile
42035610651,35.166862,-5.263824,شفشاون,Tangier-Tetouan,Morocco
26327190117,40.798869,-74.259015,Essex,New Jersey,United States
28875715868,47.105945,20.682599,Turkeve,Jasz-Nagykun-Szolnok,Hungary
27858911837,49.214324,12.069650,Schwandorf,Bavaria,Germany
38927563614,41.267686,28.027399,Cerkezkoy,Tekirdag,Turkey
28025435197,40.561514,-3.322763,Madrid,Madrid,Spain
42306081842,46.603164,-91.273555,Bayfield,Wisconsin,United States
27116394697,62.642729,17.698427,Harnosand,Vasternorrland,Sweden
42389114431,45.507598,-73.542943,Montreal,Quebec,Canada
29057132498,19.068131,-98.214586,Puebla,Puebla,Mexico
39164270850,8.239387,98.448486,Takua Thung,Phangnga,Thailand
39877617241,49.181836,-121.764203,Fraser Valley,British Columbia,Canada
42248592402,47.103542,20.748120,Turkeve,Jasz-Nagykun-Szolnok,Hungary
40253316242,54.314251,10.131154,Stadtkreis Kiel,Schleswig-Holstein,Germany
40184233600,47.627208,-117.370923,Spokane,Washington,United States
40809987151,53.727896,-0.369812,East Riding of Yorkshire,England,United Kingdom
28988828728,46.855073,-71.353690,Quebec,Quebec,Canada
40766384264,44.921718,10.727890,Reggio nell'Emilia,Emilia Romagna,Italy
27934005387,38.720519,139.660949,Reggio nell'Emilia,Yamagata Prefecture,Japan
40900655000,36.907901,-111.418297,Coconino,Arizona,United States
42258238971,46.827725,17.589111,Kovagoors,Veszprem,Hungary
40103378890,48.136480,11.594030,Munich,Bavaria,Germany
41897271432,43.052102,-74.344847,Fulton,New York,United States
27030734977,43.622248,-70.208601,Cumberland,Maine,United States
40588403372,51.515392,-0.098222,Greater London,England,United Kingdom
42091488204,46.353503,11.760778,Trentino,Trentino-Alto Adige,Italy
41850608945,59.915450,10.752525,Trentino,Oslo Fylke,Norway
39902300662,43.683365,-84.161538,Bay,Michigan,United States
27694134798,18.020139,-66.586697,Sabanetas,Ponce,Puerto Rico
41709557874,45.435803,12.337388,Venice,Veneto,Italy
40246400602,13.206523,123.739700,Albay,Bicol Region,Philippines
41311083655,50.513901,-2.456388,Dorset,England,United Kingdom
38801075720,51.506273,-0.182046,Greater London,England,United Kingdom
41081529200,26.488955,-80.221471,Palm Beach,Florida,United States
40445013990,-36.517379,146.071021,Benalla,Victoria,Australia
42014119021,52.263570,4.523110,Lisse,South Holland,Netherlands
25403832027,47.145877,-92.726728,St. Louis,Minnesota,United States
41553430345,44.764286,10.305862,Parma,Emilia Romagna,Italy
40518649861,50.929752,0.788526,East Sussex,England,United Kingdom
42111147512,49.286787,-122.785606,Greater Vancouver,British Columbia,Canada
41028492930,49.290482,-123.117814,Greater Vancouver,British Columbia,Canada
42683025361,1.281538,103.844296,Greater Vancouver,Central Singapore,Singapore
27451145207,50.865152,4.386739,Brussel Hoofdstad,Capital Region of Brussels,Belgium
40945719590,54.156503,-4.478108,Brussel Hoofdstad,Isle of Man,United Kingdom
42851546762,47.110655,20.745202,Turkeve,Jasz-Nagykun-Szolnok,Hungary
41981683414,18.368143,94.337010,Turkeve,Rakhine State,Myanmar
40010527152,50.807002,11.505905,Saale-Holzland-Kreis,Thuringia,Germany
25137899617,34.851678,-119.720214,Santa Barbara,California,United States
27974121468,41.383499,2.181890,Barcelona,Catalonia,Spain
39482210602,36.421575,25.433757,South Aegean,Aegean,Greece
27000186128,43.765459,-101.912097,Jackson,South Dakota,United States
41679213735,45.988744,-1.094448,Charente-Maritime,Poitou-Charentes,France
41921621972,43.622205,-84.252176,Charente-Maritime,Michigan,United States
28527791548,51.538474,-0.332529,Greater London,England,United Kingdom
38732998840,46.785427,-71.295520,Quebec,Quebec,Canada
39213502484,40.485013,-3.744756,Madrid,Madrid,Spain
26710608388,47.654199,9.180622,Constance,Baden-Wurttemberg,Germany
39896882485,48.212667,16.361385,Vienna,Vienna,Austria
40857527342,19.417534,-99.161717,Vienna,Distrito Federal,Mexico
39104168455,50.343159,-3.541571,Devon,England,United Kingdom
40475234221,49.479710,105.932482,Devon,Darhan,Mongolia
27789251027,37.227348,-112.899627,Kane,Utah,United States
29023997798,41.001333,28.832571,Kartal,Istanbul,Turkey
40987169040,48.492165,20.544798,Josvafo,Borsod-Abauj-Zemplen,Hungary
42490948581,56.423232,10.057897,Randers Municipality,Midtjylland,Denmark
40282600564,23.201929,-81.155018,Randers Municipality,Matanzas,Cuba
40932838880,46.178096,-1.103460,Charente-Maritime,Poitou-Charentes,France
40510111564,-20.861913,119.692268,East Pilbara,Western Australia,Australia
40393968940,47.628855,12.190055,Rosenheim,Bavaria,Germany
27958813707,26.485757,-80.221235,Palm Beach,Florida,United States
41266314674,44.597957,-120.193176,Wheeler,Oregon,United States
42792069731,53.451745,-3.015789,Merseyside,England,United Kingdom
28895152908,50.361072,2.866555,Pas-de-Calais,Nord-Pas-de-Calais,France
40961719310,53.451745,-3.015789,Merseyside,England,United Kingdom
41084427240,52.013917,6.122474,Doesburg,Guelders,Netherlands
25983284588,24.558179,-81.807546,Monroe,Florida,United States
41941086264,51.515911,-0.136750,Greater London,England,United Kingdom
39759138141,56.108714,-3.956558,Stirling,Scotland,United Kingdom
40333848040,43.622248,-70.208601,Cumberland,Maine,United States
40447009804,19.346618,-99.190868,Cumberland,Distrito Federal,Mexico
42015476992,-38.638809,-71.623992,Cautin Province,Araucania Region,Chile
39859723502,40.863298,-73.881951,Bronx,New York,United States
25718008307,-33.861462,151.209887,Bronx,New South Wales,Australia
28678378638,50.910355,14.108251,Sachsische Schweiz-Osterzgebirge,Saxony,Germany
39903704782,42.741232,-70.797018,Essex,Massachusetts,United States
27097754238,42.264222,-71.819084,Worcester,Massachusetts,United States
40544085941,51.508181,-0.095304,Greater London,England,United Kingdom
41135115775,50.421392,4.493686,Charleroi,Hainault,Belgium
41625254071,43.549838,7.024726,Alpes-Maritimes,Provence-Alpes-Cote d'Azur,France
28815766478,51.504977,-0.083373,Greater London,England,United Kingdom
28623466118,51.572188,7.146778,Landkreis Recklinghausen,North Rhine-Westphalia,Germany
40066995814,46.786683,-71.335495,Quebec,Quebec,Canada
40214328030,49.609172,6.134347,Luxemburg,Luxemburg,Luxembourg
27728070037,53.440320,-3.036475,Merseyside,England,United Kingdom
39269458115,40.862458,-73.881833,Bronx,New York,United States
28042399379,53.537093,9.953441,Stadtkreis Hamburg,Hamburg,Germany
42383522611,48.093664,12.028162,Ebersberg,Bavaria,Germany
41960526491,39.805371,-6.928939,Caceres,Extremadura,Spain
39749618345,42.432178,-83.756103,Caceres,Michigan,United States
42032132294,30.351694,-81.406652,Duval,Florida,United States
39945514700,52.540553,4.869174,Wormerland,North Holland,Netherlands
26785892897,48.981722,-119.198798,Okanogan,Washington,United States
26472787087,46.055669,13.229877,Udine,Friuli-Venezia Giulia,Italy
41827837942,18.522983,-77.856760,Udine,Saint James,Jamaica
40406998710,43.553910,7.014427,Alpes-Maritimes,Provence-Alpes-Cote d'Azur,France
39126551205,38.154579,-121.459608,San Joaquin,California,United States
24564848517,51.590846,-0.019891,Greater London,England,United Kingdom
40293659074,41.268356,28.047924,Cerkezkoy,Tekirdag,Turkey
39669762792,50.789937,-3.652739,Devon,England,United Kingdom
41992324152,41.286945,-73.222207,Fairfield,Connecticut,United States
27387570487,47.452599,18.829214,Biatorbagy,Pest County,Hungary
41389542195,26.613533,-80.036898,Palm Beach,Florida,United States
40422827191,48.202691,16.392045,Vienna,Vienna,Austria
42611658581,52.608286,1.737706,Norfolk,England,United Kingdom
41654860204,45.507598,-73.542943,Montreal,Quebec,Canada
40347662225,42.755993,-70.807528,Essex,Massachusetts,United States
39757562285,29.702144,-9.728050,تيزنيت,Souss-Massa-Draa,Morocco
28958321078,50.123309,8.680433,Frankfurt,Hesse,Germany
41832950242,10.289880,123.891534,Cebu,Central Visayas,Philippines
24858194017,49.712192,-1.920461,Manche,Lower Normandy,France
42110766791,18.011467,-66.563930,Sabanetas,Ponce,Puerto Rico
28958283348,47.391696,8.028259,Aarau,Canton of Aargau,Switzerland
41766973775,46.013972,0.669651,Charente,Poitou-Charentes,France
42455662802,33.899344,-84.591636,Cobb,Georgia,United States
27791796237,39.127411,-74.892464,Cape May,New Jersey,United States
26807486248,-15.847714,-148.257957,Rangiroa,Tuamotu-Gambier,French Polynesia
41414551644,47.871037,12.424979,Rosenheim,Bavaria,Germany
41668156414,51.438734,5.478272,Eindhoven,North Brabant,Netherlands
27148399727,-38.745997,-71.494903,Cautin Province,Araucania Region,Chile
28577774748,48.858682,2.342488,Paris,Ile-de-France,France
41251165755,40.340402,-2.812820,Guadalajara,Castille la Mancha,Spain
41184380055,51.227686,1.332832,Kent,England,United Kingdom
39423340372,53.568063,11.369397,Ludwigslust-Parchim,Mecklenburg-Vorpommern,Germany
42062610342,48.171079,11.528606,Munich,Bavaria,Germany
40859993231,19.421753,-99.158113,Munich,Distrito Federal,Mexico
27541220527,47.493834,18.823678,Paty,Pest County,Hungary
40036467800,58.144732,-6.406874,Eilean Siar,Scotland,United Kingdom
26590446208,53.357138,-3.321539,Flintshire County,Wales,United Kingdom
28127825189,41.888492,-87.626824,Cook,Illinois,United States
39934387701,32.220111,-110.974031,Pima,Arizona,United States
28488434048,48.172426,11.831932,Ebersberg,Bavaria,Germany
41773816971,47.915824,0.161619,Sarthe,Pays de la Loire,France
41342615874,51.442192,7.265632,Ennepe-Ruhr-Kreis,North Rhine-Westphalia,Germany
42143876332,52.269687,4.546043,Lisse,South Holland,Netherlands
28834421648,46.140121,-1.170827,Charente-Maritime,Poitou-Charentes,France
41855346425,44.075377,9.909410,La Spezia,Liguria,Italy
25335757957,43.239387,-88.245191,La Spezia,Wisconsin,United States
27561114178,50.546577,-4.979931,Cornwall and Isles of Scilly,England,United Kingdom
41765042864,50.123322,8.680411,Frankfurt,Hesse,Germany
42028587911,42.710103,-70.777067,Essex,Massachusetts,United States
27972484608,26.499229,-80.222297,Palm Beach,Florida,United States
38593381900,45.763678,4.821410,Rhone,Rhone-Alpes,France
42559034841,43.460741,3.422344,Herault,Languedoc-Roussillon,France
40462313142,51.504201,-0.074586,Greater London,England,United Kingdom
39952469685,46.765565,-121.766388,Lewis,Washington,United States
42018691164,42.408680,-88.339723,Mchenry,Illinois,United States
40052452210,20.661056,-103.348066,Mchenry,Jalisco,Mexico
42470531872,-34.894036,138.920434,Adelaide Hills,South Australia,Australia
42788396172,48.537280,20.661356,Szogliget,Borsod-Abauj-Zemplen,Hungary
39692215432,40.626591,14.478607,Salerno,Campania,Italy
41332605074,-37.477770,139.997019,Wattle Range,South Australia,Australia
27977462478,48.824935,2.365536,Paris,Ile-de-France,France
39831576140,36.167733,-115.138523,Clark,Nevada,United States
28234081849,45.543253,-73.628933,Montreal,Quebec,Canada
42376939732,-35.676393,139.155049,The Coorong,South Australia,Australia
27538931357,39.741555,19.659905,Ionian Islands,Peloponnese Western Greece and the Ionian Island,Greece
38645581630,41.879640,-87.621543,Cook,Illinois,United States
28944499718,48.495805,20.537867,Josvafo,Borsod-Abauj-Zemplen,Hungary
41851404234,41.968765,-72.795581,Hartford,Connecticut,United States
40510761570,46.941275,7.464940,Obersimmental-Saanen District,Canton of Berne,Switzerland
41509912825,27.988792,-82.020578,Polk,Florida,United States
28062592747,52.908073,-1.225490,Nottinghamshire,England,United Kingdom
42041519791,-38.627009,-71.665191,Cautin Province,Araucania Region,Chile
40709510661,49.043411,-125.682756,Alberni-Clayoquot,British Columbia,Canada
28943605218,38.273799,-109.370939,San Juan,Utah,United States
28188138818,47.464068,18.438277,Gant,Fejer,Hungary
41789045074,50.123322,8.680400,Frankfurt,Hesse,Germany
28644833568,52.971438,6.933789,Borger-Odoorn,Drenthe,Netherlands
40757747170,41.968765,-72.795581,Hartford,Connecticut,United States
28419451198,45.922080,6.651706,Upper Savoy,Rhone-Alpes,France
27839837869,37.459887,-1.502519,Murcia,Murcia,Spain
28118134668,48.203352,16.358713,Vienna,Vienna,Austria
39528360192,41.901957,12.453389,Vienna,Vienna,Vatican City
42077515191,48.886659,2.341225,Paris,Ile-de-France,France
40689470760,47.464024,18.438298,Gant,Fejer,Hungary
28020559938,26.499229,-80.222297,Palm Beach,Florida,United States
41778110472,41.905952,12.482550,Rome,Lazio,Italy
41996139214,23.141717,-82.381496,Rome,Ciudad de la Habana,Cuba
41746424215,53.462533,17.552278,Sepolno County,Kuiavia-Pomerania,Poland
39936104441,42.741232,-70.797018,Essex,Massachusetts,United States
42255937732,50.866357,4.387791,Brussel Hoofdstad,Capital Region of Brussels,Belgium
41764236434,42.240464,-71.895561,Worcester,Massachusetts,United States
42560961611,43.447553,6.640720,Var,Provence-Alpes-Cote d'Azur,France
42754337742,52.008390,4.356830,Delft,South Holland,Netherlands
41899761965,48.476449,3.456358,Aube,Champagne-Ardenne,France
41009444340,53.386924,-3.199971,Merseyside,England,United Kingdom
26986452547,61.694777,23.806000,Tampereen,Pirkanmaa,Finland
39469257192,51.413333,6.778333,Stadtkreis Duisburg,North Rhine-Westphalia,Germany
42319738031,50.865152,4.386739,Brussel Hoofdstad,Capital Region of Brussels,Belgium
41156890064,26.499229,-80.222297,Palm Beach,Florida,United States
26770033037,38.462998,-109.791784,San Juan,Utah,United States
27278549467,29.897224,-81.311348,St. Johns,Florida,United States
42727747902,48.536741,20.661399,Szogliget,Borsod-Abauj-Zemplen,Hungary
39451676252,-22.723148,-68.053779,El Loa Province,Antofagasta Region,Chile
40198989120,18.020139,-66.586697,Sabanetas,Ponce,Puerto Rico
28410065368,26.612780,-80.035648,Palm Beach,Florida,United States
42913463091,26.489982,-80.221525,Palm Beach,Florida,United States
28449021448,52.919538,-4.273660,Gwynedd,Wales,United Kingdom
40560536564,48.741191,-123.620009,Cowichan Valley,British Columbia,Canada
41903543602,50.321500,5.512833,Marche-en-Famenne,Luxemburg,Belgium
42053657391,43.269721,-2.931793,Biscay,Basque Country,Spain
41033804255,51.753402,-1.258953,Oxfordshire,England,United Kingdom
26332802847,51.752068,-0.339514,Hertfordshire,England,United Kingdom
40259395340,63.389330,30.476161,Pielisen Karjalan,North Karelia,Finland
41561782234,40.739567,-73.982352,Manhattan,New York,United States
41042407795,44.221864,-68.337149,Hancock,Maine,United States
40076049880,-2.723583,-79.167480,Canar,Canar,Ecuador
41791004115,37.370430,-81.118283,Mercer,West Virginia,United States
27799154857,-22.559964,17.111635,Windhoek Rural,Khomas,Namibia
40150007100,53.268588,-1.637670,Derbyshire,England,United Kingdom
40754037430,38.677490,-121.777610,Yolo,California,United States
41659727962,36.812858,34.630966,Merkez,Mersin,Turkey
41116850455,48.142938,11.576231,Munich,Bavaria,Germany
26259348778,41.843811,-88.153028,Dupage,Illinois,United States
27449713128,51.511026,-0.128252,Greater London,England,United Kingdom
40407940690,-38.627009,-71.665191,Cautin Province,Araucania Region,Chile
29006322668,14.089374,100.645923,Khlong Luang,Pathum Thani,Thailand
27681308957,47.721556,-0.130934,Sarthe,Pays de la Loire,France
42737390101,48.497909,20.537159,Josvafo,Borsod-Abauj-Zemplen,Hungary
41986826504,50.741903,4.528727,Halle-Vilvoorde administrative Arrondissement,Vlaams Brabant,Belgium
42260582082,56.457222,-2.969723,Dundee City,Scotland,United Kingdom
26954918317,42.915074,-85.813307,Ottawa,Michigan,United States
41391337695,35.315422,139.538726,Ottawa,Kanagawa Prefecture,Japan
42178671872,54.555471,-2.948466,Cumbria,England,United Kingdom
40881281970,49.211675,11.942278,Schwandorf,Bavaria,Germany
41047841231,48.832190,2.375635,Paris,Ile-de-France,France
25787056508,43.616190,-83.845789,Bay,Michigan,United States
41523983194,45.426678,-75.697025,Ottawa,Ontario,Canada
27258233607,43.836163,-69.506839,Lincoln,Maine,United States
40742785964,34.945218,-109.775905,Lincoln,Arizona,United States
41989100512,45.896280,0.776853,Charente,Poitou-Charentes,France
27443694187,49.284211,-123.107171,Greater Vancouver,British Columbia,Canada
42479886062,48.080560,9.114720,Sigmaringen,Baden-Wurttemberg,Germany
28658410188,42.108546,-72.098722,Worcester,Massachusetts,United States
41319513475,42.804620,-70.869232,Essex,Massachusetts,United States
41660849955,47.451497,18.829600,Biatorbagy,Pest County,Hungary
39274072640,34.077070,-118.473633,Los Angeles,California,United States
41193612454,50.928033,3.141574,Roeselare,West-Vlaanderen,Belgium
42200904922,26.613533,-80.036898,Palm Beach,Florida,United States
41215955244,41.386637,2.170089,Barcelona,Catalonia,Spain
27360611227,51.490102,6.855940,Stadtkreis Oberhausen,North Rhine-Westphalia,Germany
27946497107,52.959535,0.814232,Norfolk,England,United Kingdom
40058711760,55.750859,37.622594,Moskva Raion,Moscow Federal City,Russia
42188048232,47.348288,18.359999,Csakbereny,Fejer,Hungary
40804719925,42.736869,-70.794190,Essex,Massachusetts,United States
42468526961,52.152857,11.197563,Borde,Saxony-Anhalt,Germany
40541808631,45.929393,10.457611,Brescia,Lombardy,Italy
41251251245,47.348200,18.360042,Csakbereny,Fejer,Hungary
40519899780,26.614369,-80.036984,Palm Beach,Florida,United States
40909680280,-22.172529,-67.814429,El Loa Province,Antofagasta Region,Chile
28665430788,52.372815,4.893840,Amsterdam,North Holland,Netherlands
42233771801,26.615080,-80.036848,Palm Beach,Florida,United States
41413682354,41.943683,12.507141,Rome,Lazio,Italy
42109487162,59.173223,18.065181,Rome,Stockholm,Sweden
27983781497,44.373387,-73.232181,Chittenden,Vermont,United States
41379107724,51.656104,0.172959,Chittenden,England,United Kingdom
41794719485,51.572762,7.146166,Landkreis Recklinghausen,North Rhine-Westphalia,Germany
40648960760,56.156174,-4.178731,Stirling,Scotland,United Kingdom
28934647968,26.487447,-80.221332,Palm Beach,Florida,United States
39535270584,53.609694,-0.673105,Lincolnshire,England,United Kingdom
42299794992,56.457500,-2.968889,Dundee City,Scotland,United Kingdom
41028928930,52.061620,1.313338,Suffolk,England,United Kingdom
42554515761,52.368125,-2.299211,Worcestershire,England,United Kingdom
41137517035,43.917993,-69.261181,Knox,Maine,United States
40925846211,51.746774,-0.355038,Hertfordshire,England,United Kingdom
39290850785,50.083181,7.765434,Mainz-Bingen,Rhineland-Palatinate,Germany
41679831965,50.418484,-3.557167,Devon,England,United Kingdom
41897579892,44.221864,-68.337149,Hancock,Maine,United States
40093090614,43.317168,5.352659,Bouches-du-Rhone,Provence-Alpes-Cote d'Azur,France
41943309665,42.707451,-70.788692,Essex,Massachusetts,United States
26904101359,50.368432,-4.176671,Cornwall and Isles of Scilly,England,United Kingdom
40012107165,36.312313,-106.450771,Rio Arriba,New Mexico,United States
38787135844,20.238001,85.806882,Khurda,Odisha,India
27747721687,26.375568,-81.604321,Collier,Florida,United States
42081224661,28.210634,83.971939,Gandaki,West,Nepal
39957411740,37.393115,-5.991849,Seville,Andalusia,Spain
28545278598,44.491763,1.228322,Lot,Midi-Pyrenees,France
40096859092,-25.522614,117.333984,Upper Gascoyne,Western Australia,Australia
41955168062,52.269687,4.546043,Lisse,South Holland,Netherlands
25024280727,40.438210,-80.019081,Allegheny,Pennsylvania,United States
41445043035,53.024915,-1.108460,Nottinghamshire,England,United Kingdom
42056166871,43.917993,-69.261181,Knox,Maine,United States
27994598519,43.597819,-83.892652,Bay,Michigan,United States
41059412444,52.714667,5.601654,Noordoostpolder,Flevoland,Netherlands
41598240435,52.061739,1.312801,Suffolk,England,United Kingdom
42534215801,26.375568,-81.604321,Collier,Florida,United States
41869450091,55.990382,-3.386428,City of Edinburgh,Scotland,United Kingdom
40525306211,51.483152,6.778049,Stadtkreis Duisburg,North Rhine-Westphalia,Germany
42349919551,53.543303,-2.632534,Greater Manchester,England,United Kingdom
40711744530,43.447626,3.603250,Herault,Languedoc-Roussillon,France
41926121465,-38.625417,-71.601762,Cautin Province,Araucania Region,Chile
40856259584,53.571536,10.004553,Stadtkreis Hamburg,Hamburg,Germany
40380520360,41.370786,2.172063,Barcelona,Catalonia,Spain
28361596278,34.971851,-111.777648,Coconino,Arizona,United States
41169733015,-37.470566,139.990282,Wattle Range,South Australia,Australia
27189918217,39.115327,-84.490077,Hamilton,Ohio,United States
41831432002,52.914119,-1.469969,Derbyshire,England,United Kingdom
42129388494,26.486420,-80.221289,Palm Beach,Florida,United States
41313606702,32.821002,-106.281614,Palm Beach,New Mexico,United States
28414637608,39.435016,-2.037191,Cuenca,Castille la Mancha,Spain
27992519158,26.499229,-80.222297,Palm Beach,Florida,United States
27629995757,40.752003,-73.976397,Manhattan,New York,United States
40905233100,47.451932,18.829364,Biatorbagy,Pest County,Hungary
40758086811,43.194852,-80.384602,Brant,Ontario,Canada
28249164128,38.104668,-1.875175,Murcia,Murcia,Spain
25716305508,45.412778,-75.688762,Ottawa,Ontario,Canada
41029768070,-25.340974,131.036853,Macdonnell,Northern Territory,Australia
40832674121,13.207166,-59.518271,Macdonnell,Saint Joseph,Barbados
42903534081,53.389471,-3.203480,Merseyside,England,United Kingdom
40437847622,37.459155,-1.502852,Murcia,Murcia,Spain
40822127262,52.758944,5.828590,Noordoostpolder,Flevoland,Netherlands
39901106672,37.649735,-80.725672,Summers,West Virginia,United States
41954499615,41.286399,-73.222503,Fairfield,Connecticut,United States
40719993252,43.159923,-80.263854,Brant,Ontario,Canada
41609979612,53.173659,-1.682260,Derbyshire,England,United Kingdom
41038134231,38.638763,-109.606819,Grand,Utah,United States
41084254980,48.944278,7.787353,Bas-Rhin,Alsace,France
42764389892,41.854778,-88.155369,Dupage,Illinois,United States
41728220304,30.670757,-81.452809,Nassau,Florida,United States
40325066825,33.822838,-116.549352,Riverside,California,United States
40718904524,44.686377,-72.922492,Riverside,Vermont,United States
41872974612,29.891421,-81.324920,St. Johns,Florida,United States
42285103022,48.616660,-123.454879,Capital,British Columbia,Canada
41724287224,52.213273,1.219117,Suffolk,England,United Kingdom
25553847357,25.879488,-80.180878,Miami-Dade,Florida,United States
40671849332,36.466576,25.371894,South Aegean,Aegean,Greece
42789164971,26.491096,-80.221750,Palm Beach,Florida,United States
38647921760,51.307437,0.904312,Kent,England,United Kingdom
40800418605,52.788354,5.702247,Noordoostpolder,Flevoland,Netherlands
42183733151,42.106686,-72.096870,Worcester,Massachusetts,United States
27734007757,42.825484,-70.926459,Essex,Massachusetts,United States
39651004364,38.930838,-104.891453,El Paso,Colorado,United States
39711941270,27.710174,85.349049,Bagmati,Central,Nepal
40138623550,6.817544,-5.306289,Yamoussoukro,Lacs,Ivory Coast
41464271671,50.874712,4.262995,Halle-Vilvoorde administrative Arrondissement,Vlaams Brabant,Belgium
40728702190,48.094620,9.145088,Sigmaringen,Baden-Wurttemberg,Germany
28698261958,-16.907178,145.763983,Cairns Regional,Queensland,Australia
41305812175,48.431193,15.745114,Krems Land,Lower Austria,Austria
41772042444,41.562802,0.925254,Lleida,Catalonia,Spain
41023075865,40.631064,14.481353,Salerno,Campania,Italy
42821716002,26.488177,-80.221353,Palm Beach,Florida,United States
28068828127,39.777114,-104.793691,Denver,Colorado,United States
42149058522,28.219464,83.957583,Gandaki,West,Nepal
41057007400,34.144439,-118.145685,Los Angeles,California,United States
40209165210,35.567852,-121.110556,San Luis Obispo,California,United States
40248578890,43.917993,-69.261181,Knox,Maine,United States
26974069388,32.778230,-79.931030,Charleston,South Carolina,United States
42796192062,44.741529,-84.663262,Crawford,Michigan,United States
27065877518,16.680924,121.283569,Crawford,Cordillera Administrative Region,Philippines
41943536114,-38.672082,-71.622962,Cautin Province,Araucania Region,Chile
28596844558,27.704313,85.307207,Bagmati,Central,Nepal
42062666752,47.464191,18.438277,Gant,Fejer,Hungary
41977293495,38.930838,-104.891453,El Paso,Colorado,United States
41971927435,50.148501,7.166137,Cochem-Zell,Rhineland-Palatinate,Germany
25924915257,40.826385,-73.215765,Suffolk,New York,United States
40581501435,43.199951,-0.365424,Pyrenees-Atlantiques,Aquitaine,France
40496756070,52.366714,4.907712,Amsterdam,North Holland,Netherlands
27887858927,48.536598,20.661334,Szogliget,Borsod-Abauj-Zemplen,Hungary
38780266464,42.382913,-83.290237,Wayne,Michigan,United States
41167949191,57.290205,-6.173323,Highland,Scotland,United Kingdom
42150106794,39.774926,-105.127927,Jefferson,Colorado,United States
41764134975,53.902555,91.416753,Ust'-Abakanskiy Raion,Khakassia Republic,Russia
27982305897,47.512440,8.379521,Dielsdorf,Canton of Zurich,Switzerland
39311728654,41.897198,-87.621181,Cook,Illinois,United States
41027994065,52.366712,4.907670,Amsterdam,North Holland,Netherlands
42933611741,46.266854,27.690997,Amsterdam,Vaslui,Romania
28835511998,49.427835,0.833587,Seine-Maritime,Upper Normandy,France
41097624125,26.485920,-80.161808,Palm Beach,Florida,United States
41855721735,44.433833,26.102904,Palm Beach,Bucharest,Romania
41895651065,54.322240,10.143910,Stadtkreis Kiel,Schleswig-Holstein,Germany
41013179695,25.800172,-80.208673,Miami-Dade,Florida,United States
24689599357,51.366830,-0.476328,Surrey,England,United Kingdom
41019914895,22.212910,-159.475393,Kauai,Hawaii,United States
42063773852,52.269687,4.546043,Lisse,South Holland,Netherlands
27987633807,22.864470,88.371620,Hooghly,West Bengal,India
28166325338,45.696588,12.709808,Venice,Veneto,Italy
41492989434,47.734994,16.918516,Neusiedl am See District,Burgenland,Austria
27203726828,32.778230,-79.931030,Charleston,South Carolina,United States
27361956737,52.456271,-0.604114,Northamptonshire,England,United Kingdom
39368394134,60.390136,5.325125,Bergen Kommune,Hordaland,Norway
41878339732,34.788333,-86.958717,Limestone,Alabama,United States
42809914421,46.013972,0.669651,Charente,Poitou-Charentes,France
41246475011,52.554844,5.916481,Kampen,Overyssel,Netherlands
39120140980,32.778230,-79.931030,Charleston,South Carolina,United States
40269004792,52.311784,4.937324,Amsterdam,North Holland,Netherlands
28356190998,40.417527,-3.683284,Madrid,Madrid,Spain
25802734518,51.528957,0.753164,Essex,England,United Kingdom
27903651477,-25.340974,131.036853,Macdonnell,Northern Territory,Australia
42711648642,28.291268,83.864736,Gandaki,West,Nepal
42799811731,63.637589,22.733781,Jakobstadsregionen,Ostrobothnia,Finland
27625976547,53.070821,6.659152,Tynaarlo,Drenthe,Netherlands
41396770985,48.944616,7.785744,Bas-Rhin,Alsace,France
41593343255,52.061726,1.311728,Suffolk,England,United Kingdom
42472262441,41.884739,-88.022416,Dupage,Illinois,United States
40943661830,26.485037,-80.221235,Palm Beach,Florida,United States
41099579220,41.367436,-85.050830,De Kalb,Indiana,United States
42365522342,51.396481,-2.296099,Somerset,England,United Kingdom
28394530168,37.584649,-112.183156,Somerset,Utah,United States
41454123625,31.133806,-81.393274,Glynn,Georgia,United States
41298545645,34.126802,-118.114829,Los Angeles,California,United States
40669853904,43.359335,-5.729370,Asturias,Asturias,Spain
39438282300,28.305400,-16.839948,Santa Cruz de Tenerife,Canary Islands,Spain
42673739341,35.196388,-6.150278,العرائش,Tangier-Tetouan,Morocco
41877569982,52.860969,4.835305,Hollands Kroon,North Holland,Netherlands
39406969082,31.629377,-7.986577,مراكش,Marrakech-Tensift-Al Haouz,Morocco
39905518334,41.924135,-87.635313,Cook,Illinois,United States
39109259155,41.669481,-0.904333,Zaragoza,Aragon,Spain
38842748284,50.406330,-4.904373,Cornwall and Isles of Scilly,England,United Kingdom
41975968324,51.392335,6.157579,Venlo,Limburg,Netherlands
42299849461,52.141832,4.648783,Alphen aan den Rijn,South Holland,Netherlands
41580612574,46.853285,-71.348261,Quebec,Quebec,Canada
28039386687,44.313469,-64.303236,Lunenburg,Nova Scotia,Canada
39802538800,47.214844,-52.842549,Newfoundland and Labrador,Newfoundland and Labrador,Canada
41868380664,47.455080,18.830223,Biatorbagy,Pest County,Hungary
26993010197,37.710147,-121.873269,Alameda,California,United States
42490053802,39.517814,3.186035,Balearic Islands,Balearic Islands,Spain
27086597907,32.778230,-79.931030,Charleston,South Carolina,United States
40586686002,53.058961,5.275497,Súdwest-Fryslân,Frise,Netherlands
25436717157,47.572330,-52.711578,Newfoundland and Labrador,Newfoundland and Labrador,Canada
25563637677,51.244294,2.961974,Ostend,West-Vlaanderen,Belgium
41145352715,40.700376,-73.293657,Suffolk,New York,United States
40750225905,43.652472,-79.576721,Toronto,Ontario,Canada
39900303990,34.126865,-118.114786,Los Angeles,California,United States
38958060775,-12.470950,130.848416,Los Angeles,Northern Territory,Australia
42904748522,48.536762,20.661560,Szogliget,Borsod-Abauj-Zemplen,Hungary
41859694515,52.906184,-1.231369,Nottinghamshire,England,United Kingdom
42447610892,39.517814,3.186035,Balearic Islands,Balearic Islands,Spain
42902602462,39.390879,-0.373213,Valencia,Valencia,Spain
39600857751,43.239387,-88.245191,Valencia,Wisconsin,United States
40647705894,53.507383,-2.126176,Greater Manchester,England,United Kingdom
41802400605,-38.671395,-71.622726,Cautin Province,Araucania Region,Chile
27191929447,37.517038,-111.989423,Kane,Utah,United States
42359804892,25.886244,-80.187850,Miami-Dade,Florida,United States
25894525227,50.828877,-0.860323,West Sussex,England,United Kingdom
41590707694,42.913244,-85.812170,Ottawa,Michigan,United States
42698714522,-38.774887,-71.632447,Cautin Province,Araucania Region,Chile
42271300912,48.944271,7.787525,Bas-Rhin,Alsace,France
25030805977,52.255982,-116.392958,Alberta,Alberta,Canada
27374222897,34.148310,-118.163130,Los Angeles,California,United States
41127654070,60.782462,4.714679,Fedje Kommune,Hordaland,Norway
39522970612,54.288276,-0.389671,North Yorkshire,England,United Kingdom
26425085917,51.464542,-0.170845,Greater London,England,United Kingdom
28093593969,57.643666,-3.336700,Moray,Scotland,United Kingdom
27232678297,39.145222,-84.508702,Hamilton,Ohio,United States
27766900157,32.778304,-96.806588,Dallas,Texas,United States
40854836414,57.647183,-6.379948,Highland,Scotland,United Kingdom
27479047817,27.575090,84.494605,Narayani,Central,Nepal
41869665221,52.300934,4.570355,Hillegom,South Holland,Netherlands
27695088427,45.696323,9.734122,Bergamo,Lombardy,Italy
28389443318,62.469274,6.157493,Alesund Kommune,More og Romsdal,Norway
41547586825,45.566878,10.117678,Brescia,Lombardy,Italy
42365394571,37.909533,-4.630737,Cordoba,Andalusia,Spain
42176643001,53.643602,-0.235453,Lincolnshire,England,United Kingdom
40977185335,44.106624,9.726698,La Spezia,Liguria,Italy
41601471294,43.199749,-0.365378,Pyrenees-Atlantiques,Aquitaine,France
42835886122,50.861690,-0.079429,East Sussex,England,United Kingdom
25912775147,55.119226,-3.762817,Dumfries and Galloway,Scotland,United Kingdom
40378691825,37.098848,25.377420,South Aegean,Aegean,Greece
40475841860,52.269687,4.546043,Lisse,South Holland,Netherlands
40114832371,47.612643,-3.165264,Morbihan,Brittany,France
42713557292,42.478269,-76.549397,Tompkins,New York,United States
42398961592,43.136991,6.369130,Var,Provence-Alpes-Cote d'Azur,France
40064320890,45.475058,12.553253,Venice,Veneto,Italy
42702547262,48.944334,7.787557,Bas-Rhin,Alsace,France
41890783311,37.741568,-97.266737,Sedgwick,Kansas,United States
40296607180,41.863494,-88.100768,Dupage,Illinois,United States
41732709584,39.467110,-1.999425,Cuenca,Castille la Mancha,Spain
26695964118,45.422145,-75.692560,Ottawa,Ontario,Canada
27863436428,-39.491589,176.913871,Napier City,Hawke's Bay,New Zealand
27673291797,53.424436,-0.799434,Lincolnshire,England,United Kingdom
41435426635,54.288527,-0.388169,North Yorkshire,England,United Kingdom
40537084105,38.609216,-9.044387,Barreiro,Setubal,Portugal
39113694085,54.083456,-0.192500,East Riding of Yorkshire,England,United Kingdom
40742039785,-39.491589,176.913871,Napier City,Hawke's Bay,New Zealand
41632533534,-38.668305,143.860901,Colac Otway,Victoria,Australia
42500565071,53.431450,-1.193384,South Yorkshire,England,United Kingdom
27311150658,39.796254,18.356609,Lecce,Puglia,Italy
41678911575,56.034653,-2.830913,East Lothian,Scotland,United Kingdom
42793189571,39.437024,-105.062942,Douglas,Colorado,United States
42695905471,39.777144,3.333320,Balearic Islands,Balearic Islands,Spain
42220171364,50.123309,8.680411,Frankfurt,Hesse,Germany
26063155927,57.701716,-3.495562,Moray,Scotland,United Kingdom
42139693012,60.782462,4.714679,Fedje Kommune,Hordaland,Norway
39538044060,38.455000,-0.786895,Alicante,Valencia,Spain
40273246490,10.592193,124.021825,Cebu,Central Visayas,Philippines
39565038855,52.898289,-1.231412,Nottinghamshire,England,United Kingdom
41156153715,48.442220,-2.038757,Cotes-d'Armor,Brittany,France
28911492728,43.367863,-8.383963,Corunna,Galicia,Spain
42646860361,43.199749,-0.365378,Pyrenees-Atlantiques,Aquitaine,France
41366244034,37.072017,25.519469,South Aegean,Aegean,Greece
27336255827,39.750771,-105.044703,Denver,Colorado,United States
40724443730,56.717672,-2.446475,Angus,Scotland,United Kingdom
42455948542,25.743780,-80.211525,Miami-Dade,Florida,United States
42380926302,39.432134,-105.058779,Douglas,Colorado,United States
41583140244,37.682818,-92.651406,Laclede,Missouri,United States
42115465261,33.450571,-88.841457,Oktibbeha,Mississippi,United States
42157290602,49.867990,8.650553,Stadtkreis Darmstadt,Hesse,Germany
40080476030,27.321964,-82.437822,Sarasota,Florida,United States
40794438525,43.818755,-79.372808,York,Ontario,Canada
27297178327,52.272464,-1.587009,Warwickshire,England,United Kingdom
27513638488,36.466576,25.371894,South Aegean,Aegean,Greece
42254544731,54.689510,25.232505,Vilnius City Municipality,Vilnius County,Lithuania
42002918522,37.193691,-82.645680,Letcher,Kentucky,United States
27887153808,57.643815,-3.336743,Moray,Scotland,United Kingdom
40003343320,50.801161,-1.958312,Dorset,England,United Kingdom
28510975038,51.458297,-0.061283,Greater London,England,United Kingdom
28111030568,-41.406479,173.279113,Tasman District,Tasman,New Zealand
40560055994,53.012020,-1.067605,Nottinghamshire,England,United Kingdom
40547923410,32.778230,-79.931030,Charleston,South Carolina,United States
41403325285,37.741594,-97.264226,Sedgwick,Kansas,United States
42012349102,41.886211,-87.716825,Cook,Illinois,United States
27607487688,47.920994,9.917939,Ravensburg,Baden-Wurttemberg,Germany
25421753287,22.294973,114.171777,Ravensburg,Yau Tsim Mong,Hong Kong
27492127107,43.926150,-78.849134,Durham,Ontario,Canada
26517250588,48.530277,9.039722,Tubingen,Baden-Wurttemberg,Germany
40648380491,53.400175,-2.976281,Merseyside,England,United Kingdom
29037306308,42.373914,-71.118814,Middlesex,Massachusetts,United States
27405452287,41.891911,-87.601890,Cook,Illinois,United States
27570035787,57.535022,-3.802564,Highland,Scotland,United Kingdom
27758030448,51.478175,-0.297574,Greater London,England,United Kingdom
41112080742,37.245284,-111.915203,Kane,Utah,United States
42558044751,38.339013,-0.507302,Alicante,Valencia,Spain
42777006351,48.181869,11.546861,Munich,Bavaria,Germany
40139913365,49.867865,8.650295,Stadtkreis Darmstadt,Hesse,Germany
27130091347,44.493183,-63.916010,Halifax,Nova Scotia,Canada
41448175965,51.761970,0.368041,Essex,England,United Kingdom
40451076700,41.881951,-87.638604,Cook,Illinois,United States
42903994302,51.572762,7.146166,Landkreis Recklinghausen,North Rhine-Westphalia,Germany
41164194341,43.539153,-5.526863,Asturias,Asturias,Spain
38721815805,57.433072,-4.302177,Highland,Scotland,United Kingdom
42117734872,50.043939,8.086924,Rheingau-Taunus-Kreis,Hesse,Germany
28217034688,37.193626,-82.645746,Letcher,Kentucky,United States
27358095857,41.829391,-88.142395,Dupage,Illinois,United States
28279144628,56.428107,-2.871916,Fife,Scotland,United Kingdom
41472587254,55.778359,37.635469,Moskva Raion,Moscow Federal City,Russia
42458097631,56.558985,-3.460350,Perth and Kinross,Scotland,United Kingdom
41529140785,38.092197,-1.895120,Murcia,Murcia,Spain
39099129150,-3.745543,-38.508335,Fortaleza,Ceara,Brazil
41342187125,37.584241,-112.182480,Fortaleza,Utah,United States
29067078998,48.537280,20.661356,Szogliget,Borsod-Abauj-Zemplen,Hungary
28636601008,51.935617,6.729587,Winterswijk,Guelders,Netherlands
38571791595,41.844305,-88.152360,Dupage,Illinois,United States
42858892552,48.884051,2.332352,Paris,Ile-de-France,France
26991726057,35.084306,-118.147004,Kern,California,United States
41213268694,39.058777,-77.035338,Montgomery,Maryland,United States
41239068161,48.871503,2.314617,Paris,Ile-de-France,France
41200510511,35.084306,-118.147004,Kern,California,United States
42327192111,55.777936,37.635147,Moskva Raion,Moscow Federal City,Russia
39916244695,52.903039,-1.231734,Nottinghamshire,England,United Kingdom
27666362667,-26.000936,28.085582,City of Johannesburg,Gauteng,South Africa
41791160485,55.721885,37.783609,Moskva Raion,Moscow Federal City,Russia
40809484510,41.885114,-88.021131,Dupage,Illinois,United States
42247737952,48.105863,12.206623,Rosenheim,Bavaria,Germany
40595087940,57.535161,-3.802745,Highland,Scotland,United Kingdom
42920206861,37.879511,-4.780726,Cordoba,Andalusia,Spain
41009890124,35.084306,-118.147004,Kern,California,United States
40263685470,-24.864443,152.346307,Bundaberg Regional,Queensland,Australia
41139106734,13.073752,-59.594445,Bundaberg Regional,Christ Church,Barbados
41702695004,16.163371,108.264770,Sơn Trà,Da Nang,Vietnam
28878487618,40.391661,16.787119,Matera,Basilicata,Italy
42216325432,55.778021,37.635018,Moskva Raion,Moscow Federal City,Russia
28347835278,39.173610,-122.046604,Colusa,California,United States
27828479477,53.469848,17.536679,Sepolno County,Kuiavia-Pomerania,Poland
29061837508,55.778600,37.634696,Moskva Raion,Moscow Federal City,Russia
42037180344,51.715942,-1.971788,Gloucestershire,England,United Kingdom
27158872917,35.084306,-118.147004,Kern,California,United States
27044408398,57.462935,-4.235362,Highland,Scotland,United Kingdom
42734172122,52.268079,-9.703032,Highland,Kerry,Ireland
38848631355,54.466251,-2.937220,Cumbria,England,United Kingdom
28893712678,-49.330044,-72.879867,Lago Argentino,Santa Cruz Province,Argentina
41528122244,42.094369,13.349633,L'Aquila,Abruzzi,Italy
26055114988,47.747548,-3.351645,Morbihan,Brittany,France
42012957501,47.220850,14.759445,Knittelfeld District,Styria,Austria
42812336042,52.945399,1.211167,Norfolk,England,United Kingdom
42846422851,47.623701,9.268062,Kreuzlingen,Canton of Thurgau,Switzerland
38926844815,29.810151,-85.306799,Gulf,Florida,United States
27065767777,55.721744,37.791295,Moskva Raion,Moscow Federal City,Russia
42012432165,-38.619381,-71.600217,Cautin Province,Araucania Region,Chile
41428129585,56.536298,-3.306713,Perth and Kinross,Scotland,United Kingdom
27775137087,50.797689,-0.576353,West Sussex,England,United Kingdom
28415212338,52.480748,-1.910988,West Midlands,England,United Kingdom
42228406672,46.078202,5.270390,Ain,Rhone-Alpes,France
27450392927,55.778105,37.634825,Moskva Raion,Moscow Federal City,Russia
42098328122,51.670833,3.702222,Schouwen-Duiveland,Zeeland,Netherlands
41713572684,55.779034,37.634525,Moskva Raion,Moscow Federal City,Russia
40385299810,62.931983,17.781189,Kramfors,Vasternorrland,Sweden
41306769194,62.972833,17.700755,Kramfors,Vasternorrland,Sweden
41530765645,-23.281206,-51.168479,Londrina,Parana,Brazil
40536628840,45.506538,-73.527588,Montreal,Quebec,Canada
39599832780,51.513820,-0.075477,Greater London,England,United Kingdom
27694015167,41.077633,16.272654,Province of Barletta-Andria-Trani,Puglia,Italy
25944135508,59.824312,10.269330,Lier Kommune,Buskerud Fylke,Norway
28885959048,32.673410,-16.931390,Funchal,Madeira Islands,Portugal
28862392358,37.547437,-122.302798,San Mateo,California,United States
40907402830,55.966438,-3.211913,City of Edinburgh,Scotland,United Kingdom
41007708130,30.743606,76.810913,Chandigarh,Chandigarh,India
27870908637,51.946976,-2.064871,Gloucestershire,England,United Kingdom
41487380105,60.658726,17.163315,Gavle,Gavleborg,Sweden
40398917484,45.452281,9.252322,Milan,Lombardy,Italy
41801879495,55.966438,-3.211913,City of Edinburgh,Scotland,United Kingdom
28827657328,55.966438,-3.211913,City of Edinburgh,Scotland,United Kingdom
40712951851,48.691073,-3.688402,Finistere,Brittany,France
39817005061,48.861044,2.394032,Paris,Ile-de-France,France
42138824672,25.007139,121.597323,Shenkeng District,New Taipei City,Taiwan
41213516565,42.348236,-71.084931,Suffolk,Massachusetts,United States
40194786180,40.858061,-73.912392,Bronx,New York,United States
42102379452,40.858086,-73.912356,Bronx,New York,United States
41428841824,40.858080,-73.912331,Bronx,New York,United States
41102366715,40.858130,-73.912378,Bronx,New York,United States
41248147845,40.857961,-73.912198,Bronx,New York,United States
42087876952,40.858022,-73.912320,Bronx,New York,United States
29056787278,-33.875428,151.200540,Sydney,New South Wales,Australia
